canonical_experiment_key,formal_run_id,source_relative_path,source_sha256,source_record_count,source_shape,source_dtype,mapping_evidence_path,derived_data_path,derived_sha256,derived_record_count,output_dim,prediction_roundtrip_max_abs_diff,target_exact_match,ecg_id_exact_match,status
ECGFounder|all|Finetuning,PTBXL_ALL_ECGFOUNDER_FINETUNING_FORMAL,sample_predictions/record_level/ecgfounder/all/finetuning/PTBXL_ALL_ECGFOUNDER_FINETUNING_FORMAL_record_level.npz,faf53dd6d71651ec531618291074fce3f62e6221e030b0242b1a8947adf69cc3,2198,2198x71,float32,sample_predictions/metadata/test_prediction_index_mapping.csv,review_html/data/runs/ecgfounder__all__finetuning.js,ad8fa41e0fb8fe33f34466e82b05b112c44e148a15c886b7576ae58ea5deb661,2198,71,0,YES,YES,PASS
ECGFounder|all|Frozen,PTBXL_ALL_ECGFOUNDER_FROZEN_FORMAL_RUN_001,NOT_AVAILABLE,NOT_AVAILABLE,NOT_AVAILABLE,NOT_AVAILABLE,NOT_AVAILABLE,sample_predictions/metadata/test_prediction_index_mapping.csv,NOT_AVAILABLE,NOT_AVAILABLE,NOT_AVAILABLE,71,NOT_APPLICABLE,NOT_APPLICABLE,NOT_APPLICABLE,NOT_PACKAGED_PHYSICAL_SOURCE_UNAVAILABLE
ECGFounder|all|Linear,PTBXL_ALL_ECGFOUNDER_LINEAR_FORMAL_RUN_002,NOT_AVAILABLE,NOT_AVAILABLE,NOT_AVAILABLE,NOT_AVAILABLE,NOT_AVAILABLE,sample_predictions/metadata/test_prediction_index_mapping.csv,NOT_AVAILABLE,NOT_AVAILABLE,NOT_AVAILABLE,71,NOT_APPLICABLE,NOT_APPLICABLE,NOT_APPLICABLE,NOT_PACKAGED_PHYSICAL_SOURCE_UNAVAILABLE
ECGFounder|sub|Finetuning,PTBXL_SUB_01_ECGFOUNDER_FINETUNING_FORMAL,sample_predictions/record_level/ecgfounder/sub/finetuning/PTBXL_SUB_01_ECGFOUNDER_FINETUNING_FORMAL_record_level.npz,57b5e6a4259b8cf299245848df79e1cb37a28f01068bc16431a368233f16c753,2198,2198x23,float32,sample_predictions/metadata/test_prediction_index_mapping.csv,review_html/data/runs/ecgfounder__sub__finetuning.js,4be0cac9e21ecec03c29fe826aa5c4b0054fc6184a8d3f70b684a706dd43300a,2198,23,0,YES,YES,PASS
ECGFounder|sub|Frozen,PTBXL_SUB_02_ECGFOUNDER_FROZEN_FORMAL,sample_predictions/record_level/ecgfounder/sub/frozen/PTBXL_SUB_02_ECGFOUNDER_FROZEN_FORMAL_record_level.npz,d6af750e14989ace70e633a3758b94eb4e79f08ac592071c17c7d60826cbf613,2198,2198x23,float32,sample_predictions/metadata/test_prediction_index_mapping.csv,review_html/data/runs/ecgfounder__sub__frozen.js,a5b446923dc0a63150db07dc9db439a6de37ec80c8ada140d8ebaebc68da9185,2198,23,0,YES,YES,PASS
ECGFounder|sub|Linear,PTBXL_SUB_03_ECGFOUNDER_LINEAR_FORMAL,sample_predictions/record_level/ecgfounder/sub/linear/PTBXL_SUB_03_ECGFOUNDER_LINEAR_FORMAL_record_level.npz,d6fb75f8bb4127a8fe81f9c1d06978ba496747edc71280b0bb93a853a06a0d66,2198,2198x23,float32,sample_predictions/metadata/test_prediction_index_mapping.csv,review_html/data/runs/ecgfounder__sub__linear.js,22ef5a3f287ce74002ecb5b5f08b5fd4691bc33b37c2bf34ede218ba5dbfd33b,2198,23,0,YES,YES,PASS
ECGFounder|super|Finetuning,PTBXL_SUPER_01_ECGFOUNDER_FINETUNING_FORMAL,sample_predictions/record_level/ecgfounder/super/finetuning/PTBXL_SUPER_01_ECGFOUNDER_FINETUNING_FORMAL_record_level.npz,0f6e09641f2b195f4ad08367c4bcdcc93e719c350dffcd50da1933a1850b298e,2198,2198x5,float32,sample_predictions/metadata/test_prediction_index_mapping.csv,review_html/data/runs/ecgfounder__super__finetuning.js,12dcc456bfc6d69a4307e68dcc7f14186ebcc138444a3cc5e29ee388852b54d4,2198,5,0,YES,YES,PASS
ECGFounder|super|Frozen,PTBXL_SUPER_02_ECGFOUNDER_FROZEN_FORMAL,sample_predictions/record_level/ecgfounder/super/frozen/PTBXL_SUPER_02_ECGFOUNDER_FROZEN_FORMAL_record_level.npz,c7d444ff4dfff7006e9891d186e5456ef0534c75540708aa8e87270ae29f9f56,2198,2198x5,float32,sample_predictions/metadata/test_prediction_index_mapping.csv,review_html/data/runs/ecgfounder__super__frozen.js,49f5675a9b1c304f6478b9a2cb309b6121a6d978724a8db363f61f65234ee23d,2198,5,0,YES,YES,PASS
ECGFounder|super|Linear,PTBXL_SUPER_03_ECGFOUNDER_LINEAR_FORMAL,sample_predictions/record_level/ecgfounder/super/linear/PTBXL_SUPER_03_ECGFOUNDER_LINEAR_FORMAL_record_level.npz,9d9aaec3850e9c0a201515675d1a5007e5a8833baa836b09c60e7e5d6e556dd2,2198,2198x5,float32,sample_predictions/metadata/test_prediction_index_mapping.csv,review_html/data/runs/ecgfounder__super__linear.js,7a61ba46cb3b4ce29d715621738bc2cf4a49b546ce5d4e1fedb4f6e1ffe6ac7a,2198,5,0,YES,YES,PASS
ECG-JEPA|all|Finetuning,PTBXL_ALL_ECG_JEPA_FINETUNING_FORMAL,sample_predictions/record_level/ecg-jepa/all/finetuning/PTBXL_ALL_ECG_JEPA_FINETUNING_FORMAL_record_level.npz,56f20d55fb4f9f496498cf1f5f62799ec1edc901408c49831c18bd493c784915,2198,2198x71,float32,sample_predictions/metadata/test_prediction_index_mapping.csv,review_html/data/runs/ecg-jepa__all__finetuning.js,fec83d1b172bbd78f944e312255d96f8e704cb636f3dd6ec51dc6402225c35e9,2198,71,0,YES,YES,PASS
ECG-JEPA|all|Frozen,PTBXL_ALL_ECG_JEPA_FROZEN_FORMAL_RUN_003,sample_predictions/record_level/ecg-jepa/all/frozen/PTBXL_ALL_ECG_JEPA_FROZEN_FORMAL_RUN_003_record_level.npz,a0dbc8135cda2a2092fcb4ad98281fa188549da228c034abed765383b8fd2f03,2198,2198x71,float32,sample_predictions/metadata/test_prediction_index_mapping.csv,review_html/data/runs/ecg-jepa__all__frozen.js,6379acc9e5fdb870a5408f28abdb82f31bfe039d47d6522c07fe7ca09c5bcfa1,2198,71,0,YES,YES,PASS
ECG-JEPA|all|Linear,PTBXL_ALL_ECG_JEPA_LINEAR_FORMAL_RUN_004,sample_predictions/record_level/ecg-jepa/all/linear/PTBXL_ALL_ECG_JEPA_LINEAR_FORMAL_RUN_004_record_level.npz,52ae2cb6a18ec59a27260f1f47a25fa6e01df681458f2e6fed2bd12d50a11c0d,2198,2198x71,float32,sample_predictions/metadata/test_prediction_index_mapping.csv,review_html/data/runs/ecg-jepa__all__linear.js,f0e5d7639aeb13a4d861568ce6dff2985bb1364fb10ee9fd288acc4e4813380f,2198,71,0,YES,YES,PASS
ECG-JEPA|sub|Finetuning,PTBXL_SUB_04_ECG_JEPA_FINETUNING_FORMAL,sample_predictions/record_level/ecg-jepa/sub/finetuning/PTBXL_SUB_04_ECG_JEPA_FINETUNING_FORMAL_record_level.npz,f08e203430c8cf1c1efa1ad8630d24542995488b904ebdd7cc910bc41e6ded62,2198,2198x23,float32,sample_predictions/metadata/test_prediction_index_mapping.csv,review_html/data/runs/ecg-jepa__sub__finetuning.js,72b78a7b7680290e028c435af365e207d43c26a47c6c1be8e6b1fea32157b26f,2198,23,0,YES,YES,PASS
ECG-JEPA|sub|Frozen,PTBXL_SUB_05_ECG_JEPA_FROZEN_FORMAL,sample_predictions/record_level/ecg-jepa/sub/frozen/PTBXL_SUB_05_ECG_JEPA_FROZEN_FORMAL_record_level.npz,61dc13797aca505d5d42c7ca0d59dab2b8dd8c2fcea316af2e59a4c92030e9e1,2198,2198x23,float32,sample_predictions/metadata/test_prediction_index_mapping.csv,review_html/data/runs/ecg-jepa__sub__frozen.js,b86e9cb5e6b302dbfae4865fc5ca72b1325bbb81b36e53de855eb76993eaf49f,2198,23,0,YES,YES,PASS
ECG-JEPA|sub|Linear,PTBXL_SUB_06_ECG_JEPA_LINEAR_FORMAL,sample_predictions/record_level/ecg-jepa/sub/linear/PTBXL_SUB_06_ECG_JEPA_LINEAR_FORMAL_record_level.npz,36cb2ba48d01d29de38554b106cc0e51be3ecb6e413eec8f70131ba0114d40f8,2198,2198x23,float32,sample_predictions/metadata/test_prediction_index_mapping.csv,review_html/data/runs/ecg-jepa__sub__linear.js,e896ac39d427a250929bfced4c66b584b721fb3c775ed3f4a0932d77c222be87,2198,23,0,YES,YES,PASS
ECG-JEPA|super|Finetuning,PTBXL_SUPER_04_ECG_JEPA_FINETUNING_FORMAL,sample_predictions/record_level/ecg-jepa/super/finetuning/PTBXL_SUPER_04_ECG_JEPA_FINETUNING_FORMAL_record_level.npz,696515963349a4066fae309471ee5048f07560477153752dcc4bfb61536355a4,2198,2198x5,float32,sample_predictions/metadata/test_prediction_index_mapping.csv,review_html/data/runs/ecg-jepa__super__finetuning.js,0d0ed1bc5d4ff765d0bdea8bb21409818ee05474c3033129a329b3ec52bdf22a,2198,5,0,YES,YES,PASS
ECG-JEPA|super|Frozen,PTBXL_SUPER_05_ECG_JEPA_FROZEN_FORMAL,sample_predictions/record_level/ecg-jepa/super/frozen/PTBXL_SUPER_05_ECG_JEPA_FROZEN_FORMAL_record_level.npz,c4b01c89288d8a77b3872cd908a20e31e05e6e238ea27827a52b404c2e407f54,2198,2198x5,float32,sample_predictions/metadata/test_prediction_index_mapping.csv,review_html/data/runs/ecg-jepa__super__frozen.js,bebaa908cd49a3376eee9bfaa7538612c2e8892192c5e2a11973220d19f0a075,2198,5,0,YES,YES,PASS
ECG-JEPA|super|Linear,PTBXL_SUPER_06_ECG_JEPA_LINEAR_FORMAL,sample_predictions/record_level/ecg-jepa/super/linear/PTBXL_SUPER_06_ECG_JEPA_LINEAR_FORMAL_record_level.npz,6d79dd5027a01bace559696e7a0b32732474ff8dfc0cee88f7c778259135468a,2198,2198x5,float32,sample_predictions/metadata/test_prediction_index_mapping.csv,review_html/data/runs/ecg-jepa__super__linear.js,61e73917a53751122ade6ba6e81edac80c992c720306e254f24a9368d094de51,2198,5,0,YES,YES,PASS
ST-MEM|all|Finetuning,PTBXL_ALL_ST_MEM_FINETUNING_FORMAL,sample_predictions/record_level/st-mem/all/finetuning/PTBXL_ALL_ST_MEM_FINETUNING_FORMAL_record_level.npz,ac17f76dfde6583e9936a9ee80469f4ad4eed09514ede14c179f2fae563f31de,2198,2198x71,float32,sample_predictions/metadata/test_prediction_index_mapping.csv,review_html/data/runs/st-mem__all__finetuning.js,94f1ec3d1e83dff35cddfabdd711f180869285137ef2f09c6f056516f7256251,2198,71,0,YES,YES,PASS
ST-MEM|all|Frozen,PTBXL_ALL_ST_MEM_FROZEN_FORMAL_RUN_005,sample_predictions/record_level/st-mem/all/frozen/PTBXL_ALL_ST_MEM_FROZEN_FORMAL_RUN_005_record_level.npz,00ca71fc743e3a0e1212eb019956524902ad0e1a1382f4bece99621c47c2a55c,2198,2198x71,float32,sample_predictions/metadata/test_prediction_index_mapping.csv,review_html/data/runs/st-mem__all__frozen.js,72b5c2c52fa453080ffd0177488872c6cda4f27fa5b71fa29388ebd36f4d28b7,2198,71,0,YES,YES,PASS
ST-MEM|all|Linear,PTBXL_ALL_ST_MEM_LINEAR_FORMAL_RUN_006,sample_predictions/record_level/st-mem/all/linear/PTBXL_ALL_ST_MEM_LINEAR_FORMAL_RUN_006_record_level.npz,3f207fd0452c375c629cd3bd9343a2df009d138aa8c73663174250369bfb0415,2198,2198x71,float32,sample_predictions/metadata/test_prediction_index_mapping.csv,review_html/data/runs/st-mem__all__linear.js,b7c546ba2902b712c02f0090ba8f89a674862472c9fc9d481b2524c747939a92,2198,71,0,YES,YES,PASS
ST-MEM|sub|Finetuning,PTBXL_SUB_07_ST_MEM_FINETUNING_FORMAL_RETRY_03,sample_predictions/record_level/st-mem/sub/finetuning/PTBXL_SUB_07_ST_MEM_FINETUNING_FORMAL_RETRY_03_record_level.npz,b8efaeea9f6b463a00e07b3d39ede80e856d737e00b414e684d2a331386b0211,2198,2198x23,float32,sample_predictions/metadata/test_prediction_index_mapping.csv,review_html/data/runs/st-mem__sub__finetuning.js,85e7181c5e41b9348bc1beccc2f6e16c8e1778ef5634a749ec7d48c97f974e6c,2198,23,0,YES,YES,PASS
ST-MEM|sub|Frozen,PTBXL_SUB_08_ST_MEM_FROZEN_FORMAL,sample_predictions/record_level/st-mem/sub/frozen/PTBXL_SUB_08_ST_MEM_FROZEN_FORMAL_record_level.npz,dd4040cf97536bd3fc8b4d290b49d9954f401466224a28c7e64f680c8efb6b71,2198,2198x23,float32,sample_predictions/metadata/test_prediction_index_mapping.csv,review_html/data/runs/st-mem__sub__frozen.js,0ab48c9d90d09a2110d8b809294277ed4eb33463392e268520d265e66a72b6d0,2198,23,0,YES,YES,PASS
ST-MEM|sub|Linear,PTBXL_SUB_09_ST_MEM_LINEAR_FORMAL,sample_predictions/record_level/st-mem/sub/linear/PTBXL_SUB_09_ST_MEM_LINEAR_FORMAL_record_level.npz,3c77b5508297224845fb84c1f9c7eea575b68e51672eb486af3474b61e3b7132,2198,2198x23,float32,sample_predictions/metadata/test_prediction_index_mapping.csv,review_html/data/runs/st-mem__sub__linear.js,e2058e3f8bc3a95bcf0b50484d4fd05389d23507f876ae05b258c1a2d3c039fd,2198,23,0,YES,YES,PASS
ST-MEM|super|Finetuning,PTBXL_SUPER_07_ST_MEM_FINETUNING_FORMAL_RETRY_03,sample_predictions/record_level/st-mem/super/finetuning/PTBXL_SUPER_07_ST_MEM_FINETUNING_FORMAL_RETRY_03_record_level.npz,f8bcd8ab5a396f9d8371041706e7c60faf87bd2fc7d1ba76ebefaf7902738e59,2198,2198x5,float32,sample_predictions/metadata/test_prediction_index_mapping.csv,review_html/data/runs/st-mem__super__finetuning.js,74ae237a347013222f0b42d43097f20529aa06f260e583af9fba972abf8eb291,2198,5,0,YES,YES,PASS
ST-MEM|super|Frozen,PTBXL_SUPER_08_ST_MEM_FROZEN_FORMAL,sample_predictions/record_level/st-mem/super/frozen/PTBXL_SUPER_08_ST_MEM_FROZEN_FORMAL_record_level.npz,0422ac3d2b6cca757c2c6ceedf105efaa9c7433cf2fdc407ffae6893b28cdf83,2198,2198x5,float32,sample_predictions/metadata/test_prediction_index_mapping.csv,review_html/data/runs/st-mem__super__frozen.js,c989108419bdad9b27c95099def769313b2aa14b010120b81b47c44913990114,2198,5,0,YES,YES,PASS
ST-MEM|super|Linear,PTBXL_SUPER_09_ST_MEM_LINEAR_FORMAL,sample_predictions/record_level/st-mem/super/linear/PTBXL_SUPER_09_ST_MEM_LINEAR_FORMAL_record_level.npz,18632f3a9bb31ed7fa49e31384a2badb5d2772684debcc9dc5de2236d7a81719,2198,2198x5,float32,sample_predictions/metadata/test_prediction_index_mapping.csv,review_html/data/runs/st-mem__super__linear.js,ed84a43339013735b55509ba076dfebb3487d45af5d7c50458fb462b3528fb43,2198,5,0,YES,YES,PASS
MERL|all|Finetuning,PTBXL_ALL_MERL_FINETUNING_FORMAL,sample_predictions/record_level/merl/all/finetuning/PTBXL_ALL_MERL_FINETUNING_FORMAL_record_level.npz,0bb24acf0a2ac71375ad0c23779f72d846fb9cdd9b6e9de7a718fc3dad829202,2198,2198x71,float32,sample_predictions/metadata/test_prediction_index_mapping.csv,review_html/data/runs/merl__all__finetuning.js,3fee118e23bae636f68e09e5de947baed7442886f6e0be4fc905e136bee40d3f,2198,71,0,YES,YES,PASS
MERL|all|Frozen,PTBXL_ALL_MERL_FROZEN_FORMAL_RUN_007,sample_predictions/record_level/merl/all/frozen/PTBXL_ALL_MERL_FROZEN_FORMAL_RUN_007_record_level.npz,9170b8bd316bfaecc9b10a1938a96d4f3b642e4d4ed97dfd8126b2fc0b3e0263,2198,2198x71,float32,sample_predictions/metadata/test_prediction_index_mapping.csv,review_html/data/runs/merl__all__frozen.js,390d7bb0771a83c76e5698f7edc07c7d60f99c8fa471e5fc9c6cb09aa85fa700,2198,71,0,YES,YES,PASS
MERL|all|Linear,PTBXL_ALL_MERL_LINEAR_FORMAL_RUN_008,sample_predictions/record_level/merl/all/linear/PTBXL_ALL_MERL_LINEAR_FORMAL_RUN_008_record_level.npz,5a93b888d0e0b70517cdce07e08887d26613cf916fb2c955fa35c851a5c05584,2198,2198x71,float32,sample_predictions/metadata/test_prediction_index_mapping.csv,review_html/data/runs/merl__all__linear.js,264a58df7e33826ce82b4b50b044581da893c62de14c65014bda21677ba6f65f,2198,71,0,YES,YES,PASS
MERL|sub|Finetuning,PTBXL_SUB_10_MERL_FINETUNING_FORMAL_SUB1,sample_predictions/record_level/merl/sub/finetuning/PTBXL_SUB_10_MERL_FINETUNING_FORMAL_SUB1_record_level.npz,ede2d0b4400724c158ab3161be1c5ff7ec8c20841af77cb7a6a93861d803128c,2198,2198x23,float32,sample_predictions/metadata/test_prediction_index_mapping.csv,review_html/data/runs/merl__sub__finetuning.js,615b57cb98fe6e351309c575db8c8b0d7b6add5eb1225fad818d352dfa81a266,2198,23,0,YES,YES,PASS
MERL|sub|Frozen,PTBXL_SUB_11_MERL_FROZEN_FORMAL_SUB1,sample_predictions/record_level/merl/sub/frozen/PTBXL_SUB_11_MERL_FROZEN_FORMAL_SUB1_record_level.npz,5f3bb97bf9d89702d2b20a8b7f1d79662c5a5fde027dfec9fa7b55cf03ead8db,2198,2198x23,float32,sample_predictions/metadata/test_prediction_index_mapping.csv,review_html/data/runs/merl__sub__frozen.js,8b7ffe593100009483337907f1c50bc5d9d15d3364444fd7ddab59507a16a3c7,2198,23,0,YES,YES,PASS
MERL|sub|Linear,PTBXL_SUB_12_MERL_LINEAR_FORMAL_SUB1,sample_predictions/record_level/merl/sub/linear/PTBXL_SUB_12_MERL_LINEAR_FORMAL_SUB1_record_level.npz,219e4d5f51e5c7193c87cf47114f79509ea724475cc63cad3664ca46bbacb51a,2198,2198x23,float32,sample_predictions/metadata/test_prediction_index_mapping.csv,review_html/data/runs/merl__sub__linear.js,41b6a714d3458bb9df6bd3d054747ecff9672bcadf0d51535266275cf3bab3cd,2198,23,0,YES,YES,PASS
MERL|super|Finetuning,PTBXL_SUPER_10_MERL_FINETUNING_FORMAL_SUPER1,sample_predictions/record_level/merl/super/finetuning/PTBXL_SUPER_10_MERL_FINETUNING_FORMAL_SUPER1_record_level.npz,f6e03a6228804d1731f4489bf1bf605dd6479f1b13d2f3b297d3c000a2ff164e,2198,2198x5,float32,sample_predictions/metadata/test_prediction_index_mapping.csv,review_html/data/runs/merl__super__finetuning.js,36b7e97685dba7a29abf69e86cc38700b1900d2ed6101f1c282e4f409de20bba,2198,5,0,YES,YES,PASS
MERL|super|Frozen,PTBXL_SUPER_11_MERL_FROZEN_FORMAL_SUPER1,sample_predictions/record_level/merl/super/frozen/PTBXL_SUPER_11_MERL_FROZEN_FORMAL_SUPER1_record_level.npz,2a520445e9b63fbb723b6fb1ffb293062644c03bd60948936f6229c56d1da9ad,2198,2198x5,float32,sample_predictions/metadata/test_prediction_index_mapping.csv,review_html/data/runs/merl__super__frozen.js,4e9687e7783812e12fb50386e4e11bfffcc712c0639dc758434fedd34b14e699,2198,5,0,YES,YES,PASS
MERL|super|Linear,PTBXL_SUPER_12_MERL_LINEAR_FORMAL_SUPER1,sample_predictions/record_level/merl/super/linear/PTBXL_SUPER_12_MERL_LINEAR_FORMAL_SUPER1_record_level.npz,654e30097036b43951f8c11a57699da1b7b6c3630803832ba678fc51269c3276,2198,2198x5,float32,sample_predictions/metadata/test_prediction_index_mapping.csv,review_html/data/runs/merl__super__linear.js,b1b173dad999fb94f7cf29de2e42672e56720c7aa02c46b4c95623e293c33e07,2198,5,0,YES,YES,PASS
ECGFM-KED|all|Finetuning,PTBXL_ALL_ECGFM_KED_FINETUNING_FORMAL,sample_predictions/record_level/ecgfm-ked/all/finetuning/PTBXL_ALL_ECGFM_KED_FINETUNING_FORMAL_record_level.npz,4e9ca188e24bfd75d6731ca774b202f0776a3d4fcef5a8695d152c737fa98338,2198,2198x71,float32,sample_predictions/metadata/test_prediction_index_mapping.csv,review_html/data/runs/ecgfm-ked__all__finetuning.js,37ca8fc1a841ca4654fe1c281e16d8325133657c09a97e01f4e0c44414306b23,2198,71,0,YES,YES,PASS
ECGFM-KED|all|Frozen,PTBXL_ALL_ECGFM_KED_FROZEN_FORMAL_RUN_009,sample_predictions/record_level/ecgfm-ked/all/frozen/PTBXL_ALL_ECGFM_KED_FROZEN_FORMAL_RUN_009_record_level.npz,026672953b43d3bde7657ac0ad649fce878f4b562fe856917a45ac449e61f484,2198,2198x71,float32,sample_predictions/metadata/test_prediction_index_mapping.csv,review_html/data/runs/ecgfm-ked__all__frozen.js,301d539c9077979deec97246572288910cf38f296d5e0add55a123c5822fd86e,2198,71,0,YES,YES,PASS
ECGFM-KED|all|Linear,PTBXL_ALL_ECGFM_KED_LINEAR_FORMAL_RUN_010,sample_predictions/record_level/ecgfm-ked/all/linear/PTBXL_ALL_ECGFM_KED_LINEAR_FORMAL_RUN_010_record_level.npz,aede6db1828cf1b60169a75c5e4f0af9db24d71435cd9b79bec8715a2d827cef,2198,2198x71,float32,sample_predictions/metadata/test_prediction_index_mapping.csv,review_html/data/runs/ecgfm-ked__all__linear.js,fef7f336bba3071c6f8eb99c2851824272dc43fb4b0b5a5486d520b4a3e981f7,2198,71,0,YES,YES,PASS
ECGFM-KED|sub|Finetuning,PTBXL_SUB_13_ECGFM_KED_FINETUNING_FORMAL_SUB2,sample_predictions/record_level/ecgfm-ked/sub/finetuning/PTBXL_SUB_13_ECGFM_KED_FINETUNING_FORMAL_SUB2_record_level.npz,c3bc8c417c762f5745912710ccafd99995cf8bd5dfc0506ff4b3a2485f491e99,2198,2198x23,float32,sample_predictions/metadata/test_prediction_index_mapping.csv,review_html/data/runs/ecgfm-ked__sub__finetuning.js,97e9aaa86600d9272949c1f0bb704f4a3b6db8c8cda1e2bcd3979ea65e9c508d,2198,23,0,YES,YES,PASS
ECGFM-KED|sub|Frozen,PTBXL_SUB_14_ECGFM_KED_FROZEN_FORMAL_SUB2,sample_predictions/record_level/ecgfm-ked/sub/frozen/PTBXL_SUB_14_ECGFM_KED_FROZEN_FORMAL_SUB2_record_level.npz,f7a7b46f1387f1f16075e2911abf82da71d1e55a94d9c534376f9c0480c90ce2,2198,2198x23,float32,sample_predictions/metadata/test_prediction_index_mapping.csv,review_html/data/runs/ecgfm-ked__sub__frozen.js,6d2b665decd3b14ebf9571803b01cbfa3dc382d71fbf88eafd702e21ed75a8bb,2198,23,0,YES,YES,PASS
ECGFM-KED|sub|Linear,PTBXL_SUB_15_ECGFM_KED_LINEAR_FORMAL_SUB2,sample_predictions/record_level/ecgfm-ked/sub/linear/PTBXL_SUB_15_ECGFM_KED_LINEAR_FORMAL_SUB2_record_level.npz,5e2b8c7805c4bf09ecfa8135257bd6b407d8101a3f90064b2ea3b4e6d7a74784,2198,2198x23,float32,sample_predictions/metadata/test_prediction_index_mapping.csv,review_html/data/runs/ecgfm-ked__sub__linear.js,ade753416647e40dbd8c81ea37dc87431384b3944a7f11c671117779f261718b,2198,23,0,YES,YES,PASS
ECGFM-KED|super|Finetuning,PTBXL_SUPER_13_ECGFM_KED_FINETUNING_FORMAL_SUPER2,sample_predictions/record_level/ecgfm-ked/super/finetuning/PTBXL_SUPER_13_ECGFM_KED_FINETUNING_FORMAL_SUPER2_record_level.npz,3b93aaeca443b078c5778e1be44baa2d48c4e36c1ea06e617bdc04ee9d929763,2198,2198x5,float32,sample_predictions/metadata/test_prediction_index_mapping.csv,review_html/data/runs/ecgfm-ked__super__finetuning.js,16348cc472defe961abea3f8a023f8ba7cc2f909aa2f56b01f744f0ab22aa950,2198,5,0,YES,YES,PASS
ECGFM-KED|super|Frozen,PTBXL_SUPER_14_ECGFM_KED_FROZEN_FORMAL_SUPER2,sample_predictions/record_level/ecgfm-ked/super/frozen/PTBXL_SUPER_14_ECGFM_KED_FROZEN_FORMAL_SUPER2_record_level.npz,3503915b2223943cb6651bbe173858c86a849fbe63cd41c2beaedff77e46bf5a,2198,2198x5,float32,sample_predictions/metadata/test_prediction_index_mapping.csv,review_html/data/runs/ecgfm-ked__super__frozen.js,21f757ab6e6f5bcd6f896776f25d3a40437f29d6261fec58ebd9740bd945b760,2198,5,0,YES,YES,PASS
ECGFM-KED|super|Linear,PTBXL_SUPER_15_ECGFM_KED_LINEAR_FORMAL_SUPER2,sample_predictions/record_level/ecgfm-ked/super/linear/PTBXL_SUPER_15_ECGFM_KED_LINEAR_FORMAL_SUPER2_record_level.npz,ed2f3e4436c9d96153c7249b08d8d444fb7d9992b94b08ce53460d9f6793661e,2198,2198x5,float32,sample_predictions/metadata/test_prediction_index_mapping.csv,review_html/data/runs/ecgfm-ked__super__linear.js,f4ab7e507b2b581788197c18291c248a77020b04b341b9d08286b61afa595792,2198,5,0,YES,YES,PASS
HuBERT-ECG|all|Finetuning,PTBXL_ALL_HUBERT_ECG_FINETUNING_FORMAL,sample_predictions/record_level/hubert-ecg/all/finetuning/PTBXL_ALL_HUBERT_ECG_FINETUNING_FORMAL_record_level.npz,8ca6e2a6bbcf6d8cf351e59dd92bfdbe7a969a508d102a01859b8c2b3e5ebb75,2198,2198x71,float32,sample_predictions/metadata/test_prediction_index_mapping.csv,review_html/data/runs/hubert-ecg__all__finetuning.js,cd52d6dc4013df193835233f822f16f5729b72fbcbbcfef71914fab51d15bf59,2198,71,0,YES,YES,PASS
HuBERT-ECG|all|Frozen,PTBXL_ALL_HUBERT_ECG_FROZEN_FORMAL_RUN_011,sample_predictions/record_level/hubert-ecg/all/frozen/PTBXL_ALL_HUBERT_ECG_FROZEN_FORMAL_RUN_011_record_level.npz,82703b81825e1bd80d16938256853c389105c88658a906d11ca167f870faa817,2198,2198x71,float32,sample_predictions/metadata/test_prediction_index_mapping.csv,review_html/data/runs/hubert-ecg__all__frozen.js,b0a246a2e880073e8c713f5b41791191a024b5c93ac3608c7f4879b7bc7cdacb,2198,71,0,YES,YES,PASS
HuBERT-ECG|all|Linear,PTBXL_ALL_HUBERT_ECG_LINEAR_FORMAL_RUN_012,sample_predictions/record_level/hubert-ecg/all/linear/PTBXL_ALL_HUBERT_ECG_LINEAR_FORMAL_RUN_012_record_level.npz,46445ee58074ba789c6b25cad3fd960bda9587a8abf6f8c8d5293b49915cd666,2198,2198x71,float32,sample_predictions/metadata/test_prediction_index_mapping.csv,review_html/data/runs/hubert-ecg__all__linear.js,1551b778117aa70e3e880547c494470e5ccc842c3b63d81e46f245e0f4bd009b,2198,71,0,YES,YES,PASS
HuBERT-ECG|sub|Finetuning,PTBXL_SUB_16_HUBERT_ECG_FINETUNING_FORMAL_SUB3,sample_predictions/record_level/hubert-ecg/sub/finetuning/PTBXL_SUB_16_HUBERT_ECG_FINETUNING_FORMAL_SUB3_record_level.npz,0296c56e4fd7e33af07d3dbd68315d447f5a8e869bc3474d7081e7b4d5d1926a,2198,2198x23,float32,sample_predictions/metadata/test_prediction_index_mapping.csv,review_html/data/runs/hubert-ecg__sub__finetuning.js,67b96f22e9085d53d7c4b6bec39468a6ba12004e2bce740c82e2dee4812d506f,2198,23,0,YES,YES,PASS
HuBERT-ECG|sub|Frozen,PTBXL_SUB_17_HUBERT_ECG_FROZEN_FORMAL_SUB3,sample_predictions/record_level/hubert-ecg/sub/frozen/PTBXL_SUB_17_HUBERT_ECG_FROZEN_FORMAL_SUB3_record_level.npz,7df4e2029253bf36237bd4a51d5e92a73e7ea762ce7bab95588924b6109bef80,2198,2198x23,float32,sample_predictions/metadata/test_prediction_index_mapping.csv,review_html/data/runs/hubert-ecg__sub__frozen.js,b94f5a19367382a7f27c0257fcbbb96f7dfcb545da5a67c3e44556c9d0aa6647,2198,23,0,YES,YES,PASS
HuBERT-ECG|sub|Linear,PTBXL_SUB_18_HUBERT_ECG_LINEAR_FORMAL_SUB3,sample_predictions/record_level/hubert-ecg/sub/linear/PTBXL_SUB_18_HUBERT_ECG_LINEAR_FORMAL_SUB3_record_level.npz,17b2732084fc142c6a2a4aa8c9c02a8f189e15f7d94301f71a90ba9f9203df6f,2198,2198x23,float32,sample_predictions/metadata/test_prediction_index_mapping.csv,review_html/data/runs/hubert-ecg__sub__linear.js,76219f4b05f62b6abc50668339e7a455f63f91be5eefc84f83acaf1be548f3ae,2198,23,0,YES,YES,PASS
HuBERT-ECG|super|Finetuning,PTBXL_SUPER_16_HUBERT_ECG_FINETUNING_FORMAL_SUPER3,sample_predictions/record_level/hubert-ecg/super/finetuning/PTBXL_SUPER_16_HUBERT_ECG_FINETUNING_FORMAL_SUPER3_record_level.npz,cecb1c7b1052a342cf65bbf5a4abe9df791ee0d02e12b347e6cc44e05a2df26a,2198,2198x5,float32,sample_predictions/metadata/test_prediction_index_mapping.csv,review_html/data/runs/hubert-ecg__super__finetuning.js,5d1df4cbef1de49a580f7b49f99bf5ed566b1f1a90b215a69234b30c37534203,2198,5,0,YES,YES,PASS
HuBERT-ECG|super|Frozen,PTBXL_SUPER_17_HUBERT_ECG_FROZEN_FORMAL_SUPER3,sample_predictions/record_level/hubert-ecg/super/frozen/PTBXL_SUPER_17_HUBERT_ECG_FROZEN_FORMAL_SUPER3_record_level.npz,2a5a7473b7ad554bbeb4acd9f37be64639ff8a3ab6647e3de18b9057953df64e,2198,2198x5,float32,sample_predictions/metadata/test_prediction_index_mapping.csv,review_html/data/runs/hubert-ecg__super__frozen.js,5ee2bb69d66e629b8e2022c2b649e491da18756cee42ff666bffddd93586ecc5,2198,5,0,YES,YES,PASS
HuBERT-ECG|super|Linear,PTBXL_SUPER_18_HUBERT_ECG_LINEAR_FORMAL_SUPER3,sample_predictions/record_level/hubert-ecg/super/linear/PTBXL_SUPER_18_HUBERT_ECG_LINEAR_FORMAL_SUPER3_record_level.npz,2da51e600383487696b2186c252c37f00202fb590787d454227cd97a7f257d08,2198,2198x5,float32,sample_predictions/metadata/test_prediction_index_mapping.csv,review_html/data/runs/hubert-ecg__super__linear.js,500b79f86d6954932d444b0c611f8f5a5b37bdc555d1dfb2b1decba48a0f4bb1,2198,5,0,YES,YES,PASS
ECG-CPC|all|Finetuning,PTBXL_ALL_ECG_CPC_FINETUNING_FORMAL,sample_predictions/record_level/ecg-cpc/all/finetuning/PTBXL_ALL_ECG_CPC_FINETUNING_FORMAL_record_level.npz,01b324466c5fba3780b12596b374f94424155cb17204c3e9145e3bfb01ffc314,2198,2198x71,float32,sample_predictions/metadata/test_prediction_index_mapping.csv,review_html/data/runs/ecg-cpc__all__finetuning.js,a162e87440125d0b3293a31155c68f1de4e6d7014783a75f8661590d287080ba,2198,71,0,YES,YES,PASS
ECG-CPC|all|Frozen,PTBXL_ALL_ECG_CPC_FROZEN_FORMAL_RUN_013,sample_predictions/record_level/ecg-cpc/all/frozen/PTBXL_ALL_ECG_CPC_FROZEN_FORMAL_RUN_013_record_level.npz,4a2f4c4517f43a5742d7820de83d88bef3471b45fefc18d8da077ba6a03f91c8,2198,2198x71,float32,sample_predictions/metadata/test_prediction_index_mapping.csv,review_html/data/runs/ecg-cpc__all__frozen.js,5d87b800e6a4a00a49ba9bdc732372fb4f6b91ae452bac39cff80abb2e83b1bf,2198,71,0,YES,YES,PASS
ECG-CPC|all|Linear,PTBXL_ALL_ECG_CPC_LINEAR_FORMAL_RUN_014,sample_predictions/record_level/ecg-cpc/all/linear/PTBXL_ALL_ECG_CPC_LINEAR_FORMAL_RUN_014_record_level.npz,96bc8102d112cd18cf07a9e08811eea5ddb1c6d0aae7451afe5e807297f7ac1a,2198,2198x71,float32,sample_predictions/metadata/test_prediction_index_mapping.csv,review_html/data/runs/ecg-cpc__all__linear.js,c5ffdfe0303e36ee3f88244a9976d069bb5ac00194b5b66aa853882bf1f6b667,2198,71,0,YES,YES,PASS
ECG-CPC|sub|Finetuning,PTBXL_SUB_ECG_CPC_FINETUNING_FORMAL_052_01,sample_predictions/record_level/ecg-cpc/sub/finetuning/PTBXL_SUB_ECG_CPC_FINETUNING_FORMAL_052_01_record_level.npz,841e6529bcec584f9932339b644b385fc77d65435d98480db627d0d1d9a663be,2198,2198x23,float32,sample_predictions/metadata/test_prediction_index_mapping.csv,review_html/data/runs/ecg-cpc__sub__finetuning.js,4f7ec5774b6d1b810540eaf149d825f118b750142bb047a26157e371889d5c84,2198,23,0,YES,YES,PASS
ECG-CPC|sub|Frozen,PTBXL_SUB_ECG_CPC_FROZEN_FORMAL_052_02,sample_predictions/record_level/ecg-cpc/sub/frozen/PTBXL_SUB_ECG_CPC_FROZEN_FORMAL_052_02_record_level.npz,4d142f72187e84890130a8ffd60ff1fd7161d113a0c933729ec4788eab7b51d5,2198,2198x23,float32,sample_predictions/metadata/test_prediction_index_mapping.csv,review_html/data/runs/ecg-cpc__sub__frozen.js,9fffd2f5efd6abe2a0d1ee7705965028136cad22aece68e76265abca55f61ee0,2198,23,0,YES,YES,PASS
ECG-CPC|sub|Linear,PTBXL_SUB_ECG_CPC_LINEAR_FORMAL_052_03,sample_predictions/record_level/ecg-cpc/sub/linear/PTBXL_SUB_ECG_CPC_LINEAR_FORMAL_052_03_record_level.npz,4159a2180f297d425393b066fa52447d782ee1aa8f2a374d1b70feb902d0e92b,2198,2198x23,float32,sample_predictions/metadata/test_prediction_index_mapping.csv,review_html/data/runs/ecg-cpc__sub__linear.js,c3af8d18a3445267af62b3b357ef14fd3f6f3be5e5c128d6b9889ab4a9a776a3,2198,23,0,YES,YES,PASS
ECG-CPC|super|Finetuning,PTBXL_SUPER_ECG_CPC_FINETUNING_FORMAL_052_04,sample_predictions/record_level/ecg-cpc/super/finetuning/PTBXL_SUPER_ECG_CPC_FINETUNING_FORMAL_052_04_record_level.npz,c0e48ce4af77e3bb606a07e552a8353145a8a5a0f8b100da50c93462b2431f68,2198,2198x5,float32,sample_predictions/metadata/test_prediction_index_mapping.csv,review_html/data/runs/ecg-cpc__super__finetuning.js,f6c684f847497e82a5c758f3fb12cca4bdf2dd7ec6e73ded38ad0d620f8617de,2198,5,0,YES,YES,PASS
ECG-CPC|super|Frozen,PTBXL_SUPER_ECG_CPC_FROZEN_FORMAL_052_05,sample_predictions/record_level/ecg-cpc/super/frozen/PTBXL_SUPER_ECG_CPC_FROZEN_FORMAL_052_05_record_level.npz,7be89200a23a26fdf452d173d5a63588b569f135fbb0ed26919ef80766466306,2198,2198x5,float32,sample_predictions/metadata/test_prediction_index_mapping.csv,review_html/data/runs/ecg-cpc__super__frozen.js,b2af797a671da51d69bf3ce2b852be64e78692271fd50ade97ee415dba4720f3,2198,5,0,YES,YES,PASS
ECG-CPC|super|Linear,PTBXL_SUPER_ECG_CPC_LINEAR_FORMAL_052_06,sample_predictions/record_level/ecg-cpc/super/linear/PTBXL_SUPER_ECG_CPC_LINEAR_FORMAL_052_06_record_level.npz,16ba644a249af87ac7c75fcb406cd55bbace9932c67163cd70885491715d6623,2198,2198x5,float32,sample_predictions/metadata/test_prediction_index_mapping.csv,review_html/data/runs/ecg-cpc__super__linear.js,e87652c07049f551e6c66f3e5e5cf6351df7d40df4875b8f661078f805ece7e6,2198,5,0,YES,YES,PASS
ECG-FM|all|Finetuning,PTBXL_ALL_ECG_FM_FINETUNING_FORMAL,sample_predictions/record_level/ecg-fm/all/finetuning/PTBXL_ALL_ECG_FM_FINETUNING_FORMAL_record_level.npz,0bfcaa240f23980b570df3715967c26cbcc7764cda65bdb06a37e4b8cb4fd76e,2198,2198x71,float32,sample_predictions/metadata/test_prediction_index_mapping.csv,review_html/data/runs/ecg-fm__all__finetuning.js,8e7e3fcdd4f23e505e7727a1c55a2386b396e75073e3aaaef599f151b47aad60,2198,71,0,YES,YES,PASS
ECG-FM|all|Frozen,PTBXL_ALL_ECG_FM_FROZEN_FORMAL_RUN_015,sample_predictions/record_level/ecg-fm/all/frozen/PTBXL_ALL_ECG_FM_FROZEN_FORMAL_RUN_015_record_level.npz,eb244e91abe66b47c0a8bf1c391db5de3536ca3728e621d363eec74690eb7481,2198,2198x71,float32,sample_predictions/metadata/test_prediction_index_mapping.csv,review_html/data/runs/ecg-fm__all__frozen.js,c3457c6d5ba38d0497083854c93fc917db015b1420402d27831f1b81a777a7fc,2198,71,0,YES,YES,PASS
ECG-FM|all|Linear,PTBXL_ALL_ECG_FM_LINEAR_FORMAL_RUN_016,sample_predictions/record_level/ecg-fm/all/linear/PTBXL_ALL_ECG_FM_LINEAR_FORMAL_RUN_016_record_level.npz,c244f23c7cb84ca3d7f21526d7f90c4f18ffa3fcf4812f35496f5eb558051f61,2198,2198x71,float32,sample_predictions/metadata/test_prediction_index_mapping.csv,review_html/data/runs/ecg-fm__all__linear.js,cd425e176f7a89f46a929a995c448dae32e6caac0c87a672f279727c3321c580,2198,71,0,YES,YES,PASS
ECG-FM|sub|Finetuning,PTBXL_SUB_ECG_FM_FINETUNING_FORMAL_052_07,sample_predictions/record_level/ecg-fm/sub/finetuning/PTBXL_SUB_ECG_FM_FINETUNING_FORMAL_052_07_record_level.npz,14e00555f0270df8991d05ab92edaafe2ec6d27ee72639bc43674f387163271c,2198,2198x23,float32,sample_predictions/metadata/test_prediction_index_mapping.csv,review_html/data/runs/ecg-fm__sub__finetuning.js,fac162967a7a0a24be8782b6da55b658dde74f8d6e2b6e7b84291feee8c9465c,2198,23,0,YES,YES,PASS
ECG-FM|sub|Frozen,PTBXL_SUB_ECG_FM_FROZEN_FORMAL_052_08,sample_predictions/record_level/ecg-fm/sub/frozen/PTBXL_SUB_ECG_FM_FROZEN_FORMAL_052_08_record_level.npz,a9297aa2420d3977650a3bca408e46b12ca93c56403504722b009fad7d0b0abc,2198,2198x23,float32,sample_predictions/metadata/test_prediction_index_mapping.csv,review_html/data/runs/ecg-fm__sub__frozen.js,2e3482987ca652e4d09626c01bb853187127c9a6a57dade7b62b8315b48ed5d5,2198,23,0,YES,YES,PASS
ECG-FM|sub|Linear,PTBXL_SUB_ECG_FM_LINEAR_FORMAL_052_09,sample_predictions/record_level/ecg-fm/sub/linear/PTBXL_SUB_ECG_FM_LINEAR_FORMAL_052_09_record_level.npz,37210db7c3208c8001d17595601396f01483c1267611eaa6b1f9a7dbd48f15da,2198,2198x23,float32,sample_predictions/metadata/test_prediction_index_mapping.csv,review_html/data/runs/ecg-fm__sub__linear.js,d28c93671a7508aadf05557085ddd678e71fb39dce4dd0da5a2bc58a77b7f471,2198,23,0,YES,YES,PASS
ECG-FM|super|Finetuning,PTBXL_SUPER_ECG_FM_FINETUNING_FORMAL_052_10,sample_predictions/record_level/ecg-fm/super/finetuning/PTBXL_SUPER_ECG_FM_FINETUNING_FORMAL_052_10_record_level.npz,5f6ec657e1de7bc6c9e965174d070e110dbc3deb3ef7a3332f04831b56104c19,2198,2198x5,float32,sample_predictions/metadata/test_prediction_index_mapping.csv,review_html/data/runs/ecg-fm__super__finetuning.js,74c6d0886f8e5a9778e209807c6211c2412ed678ccd0bafe9550e72826cc7f01,2198,5,0,YES,YES,PASS
ECG-FM|super|Frozen,PTBXL_SUPER_ECG_FM_FROZEN_FORMAL_052_11,sample_predictions/record_level/ecg-fm/super/frozen/PTBXL_SUPER_ECG_FM_FROZEN_FORMAL_052_11_record_level.npz,d66a247e2d71339a73d38b1fc070f2cb526973e6bc59fa50ee3fc23c6367f2da,2198,2198x5,float32,sample_predictions/metadata/test_prediction_index_mapping.csv,review_html/data/runs/ecg-fm__super__frozen.js,a1db83593d07f3b8597fc23441bb8d69f5f90c648b16156aa0061ae06adc4ba5,2198,5,0,YES,YES,PASS
ECG-FM|super|Linear,PTBXL_SUPER_ECG_FM_LINEAR_FORMAL_052_12,sample_predictions/record_level/ecg-fm/super/linear/PTBXL_SUPER_ECG_FM_LINEAR_FORMAL_052_12_record_level.npz,7ef08146fe1d3f454e05729e7b3303d8d30d4cb051640adca4721bfbc26669b5,2198,2198x5,float32,sample_predictions/metadata/test_prediction_index_mapping.csv,review_html/data/runs/ecg-fm__super__linear.js,5f5dc75f09e8f17aa338c304a44fa90593a127d33a24743e5b32528057320ed3,2198,5,0,YES,YES,PASS
S4|all|Finetuning,PTBXL_ALL_S4_FINETUNING_FORMAL,sample_predictions/record_level/s4/all/finetuning/PTBXL_ALL_S4_FINETUNING_FORMAL_record_level.npz,22b0bf611b072fd7bcae57f69c0e8d340a6f3d23b984c5e747b6a978a32a79c2,2198,2198x71,float32,sample_predictions/metadata/test_prediction_index_mapping.csv,review_html/data/runs/s4__all__finetuning.js,12d7467bbe4d7fc9b42c48a8ca4345074e12aa7c3b21506bb4bbdcc157af86ab,2198,71,0,YES,YES,PASS
S4|sub|Finetuning,PTBXL_SUB_19_S4_FINETUNING_FORMAL_SUB4,sample_predictions/record_level/s4/sub/finetuning/PTBXL_SUB_19_S4_FINETUNING_FORMAL_SUB4_record_level.npz,bd48fd83ef33d8d9e60b9fd731c56bea3b9ec53d79c9317f2298336844acb03f,2198,2198x23,float32,sample_predictions/metadata/test_prediction_index_mapping.csv,review_html/data/runs/s4__sub__finetuning.js,1167c8f63dd4e5b65a6e2ea7069eca1ebec62f9cc66eeef4a870ecbfc9a4e0e3,2198,23,0,YES,YES,PASS
S4|super|Finetuning,PTBXL_SUPER_19_S4_FINETUNING_FORMAL_SUPER4,sample_predictions/record_level/s4/super/finetuning/PTBXL_SUPER_19_S4_FINETUNING_FORMAL_SUPER4_record_level.npz,ac9776293e8582d3d54eb30e1a9735a61d123f411bd1378c4be4c17fb591e1f1,2198,2198x5,float32,sample_predictions/metadata/test_prediction_index_mapping.csv,review_html/data/runs/s4__super__finetuning.js,5d1d8c3143fe66a619b0040b8ebd1a1e5f71095505b32b2cb09b4b798f5ea604,2198,5,0,YES,YES,PASS
Net1D|all|Finetuning,PTBXL_ALL_NET1D_FINETUNING_FORMAL,sample_predictions/record_level/net1d/all/finetuning/PTBXL_ALL_NET1D_FINETUNING_FORMAL_record_level.npz,8d7652d445a1447b5e75fa2c4b419e621a6d0d337221c709e68447ec1d8b93b9,2198,2198x71,float32,sample_predictions/metadata/test_prediction_index_mapping.csv,review_html/data/runs/net1d__all__finetuning.js,4643fc38bd4832a31a5f7eba9f45aaeed7dbc190fe58296cb167af1791d9a1a5,2198,71,0,YES,YES,PASS
Net1D|sub|Finetuning,PTBXL_SUB_20_NET1D_FINETUNING_FORMAL_SUB4,sample_predictions/record_level/net1d/sub/finetuning/PTBXL_SUB_20_NET1D_FINETUNING_FORMAL_SUB4_record_level.npz,3852c2fca20aac1229f417300102d554d4b056689ff4305cea4ef85d02db9b94,2198,2198x23,float32,sample_predictions/metadata/test_prediction_index_mapping.csv,review_html/data/runs/net1d__sub__finetuning.js,804c511a71bcef8fb2829d0cf22b6c583628f3788c679c09c2e4bb892526e3be,2198,23,0,YES,YES,PASS
Net1D|super|Finetuning,PTBXL_SUPER_20_NET1D_FINETUNING_FORMAL_SUPER4,sample_predictions/record_level/net1d/super/finetuning/PTBXL_SUPER_20_NET1D_FINETUNING_FORMAL_SUPER4_record_level.npz,e243f25e1593820f0167e4e266a2ac5740e1be52711d351d7c8487ec7b6965c8,2198,2198x5,float32,sample_predictions/metadata/test_prediction_index_mapping.csv,review_html/data/runs/net1d__super__finetuning.js,2eaf68ca10994678add3d07a961df0b40a29ce35f08ea8de32c3aa80bd0a0e65,2198,5,0,YES,YES,PASS
