canonical_run,dataset,model,mode,historical_source_instance,current_clone_evidence_carrier,remote_formal_run_path,local_bundle_path,artifact_count,remote_local_sha256,hash_match,bundle_bytes,recovery_status
PTBXL_SUB_ECG_CPC_FINETUNING_FORMAL_052_01,PTB-XL(sub),ECG-CPC,Finetuning,052,451,/root/autodl-tmp/ECG/formal_runs/PTBXL_SUB_ECG_CPC_FINETUNING_FORMAL_052_01,execution_control/PTBXL_FINAL_CLOSURE/PARALLEL_451_RESIDUAL_SPECIAL_BUNDLE/PTBXL_SUB_ECG_CPC_FINETUNING_FORMAL_052_01,6,REMOTE_AND_LOCAL_SHA256_VERIFIED,PASS,2077068,BUNDLE_RECOVERED
PTBXL_SUB_ECG_CPC_FROZEN_FORMAL_052_02,PTB-XL(sub),ECG-CPC,Frozen,052,451,/root/autodl-tmp/ECG/formal_runs/PTBXL_SUB_ECG_CPC_FROZEN_FORMAL_052_02,execution_control/PTBXL_FINAL_CLOSURE/PARALLEL_451_RESIDUAL_SPECIAL_BUNDLE/PTBXL_SUB_ECG_CPC_FROZEN_FORMAL_052_02,6,REMOTE_AND_LOCAL_SHA256_VERIFIED,PASS,2072337,BUNDLE_RECOVERED
PTBXL_SUB_ECG_CPC_LINEAR_FORMAL_052_03,PTB-XL(sub),ECG-CPC,Linear,052,451,/root/autodl-tmp/ECG/formal_runs/PTBXL_SUB_ECG_CPC_LINEAR_FORMAL_052_03,execution_control/PTBXL_FINAL_CLOSURE/PARALLEL_451_RESIDUAL_SPECIAL_BUNDLE/PTBXL_SUB_ECG_CPC_LINEAR_FORMAL_052_03,6,REMOTE_AND_LOCAL_SHA256_VERIFIED,PASS,2083941,BUNDLE_RECOVERED
PTBXL_SUB_ECG_FM_FINETUNING_FORMAL_052_07,PTB-XL(sub),ECG-FM,Finetuning,052,451,/root/autodl-tmp/ECG/formal_runs/PTBXL_SUB_ECG_FM_FINETUNING_FORMAL_052_07,execution_control/PTBXL_FINAL_CLOSURE/PARALLEL_451_RESIDUAL_SPECIAL_BUNDLE/PTBXL_SUB_ECG_FM_FINETUNING_FORMAL_052_07,6,REMOTE_AND_LOCAL_SHA256_VERIFIED,PASS,1252015,BUNDLE_RECOVERED
PTBXL_SUB_ECG_FM_FROZEN_FORMAL_052_08,PTB-XL(sub),ECG-FM,Frozen,052,451,/root/autodl-tmp/ECG/formal_runs/PTBXL_SUB_ECG_FM_FROZEN_FORMAL_052_08,execution_control/PTBXL_FINAL_CLOSURE/PARALLEL_451_RESIDUAL_SPECIAL_BUNDLE/PTBXL_SUB_ECG_FM_FROZEN_FORMAL_052_08,6,REMOTE_AND_LOCAL_SHA256_VERIFIED,PASS,1252938,BUNDLE_RECOVERED
PTBXL_SUB_ECG_FM_LINEAR_FORMAL_052_09,PTB-XL(sub),ECG-FM,Linear,052,451,/root/autodl-tmp/ECG/formal_runs/PTBXL_SUB_ECG_FM_LINEAR_FORMAL_052_09,execution_control/PTBXL_FINAL_CLOSURE/PARALLEL_451_RESIDUAL_SPECIAL_BUNDLE/PTBXL_SUB_ECG_FM_LINEAR_FORMAL_052_09,6,REMOTE_AND_LOCAL_SHA256_VERIFIED,PASS,1252414,BUNDLE_RECOVERED
PTBXL_SUPER_ECG_CPC_FINETUNING_FORMAL_052_04,PTB-XL(super),ECG-CPC,Finetuning,052,451,/root/autodl-tmp/ECG/formal_runs/PTBXL_SUPER_ECG_CPC_FINETUNING_FORMAL_052_04,execution_control/PTBXL_FINAL_CLOSURE/PARALLEL_451_RESIDUAL_SPECIAL_BUNDLE/PTBXL_SUPER_ECG_CPC_FINETUNING_FORMAL_052_04,6,REMOTE_AND_LOCAL_SHA256_VERIFIED,PASS,480445,BUNDLE_RECOVERED
PTBXL_SUPER_ECG_CPC_FROZEN_FORMAL_052_05,PTB-XL(super),ECG-CPC,Frozen,052,451,/root/autodl-tmp/ECG/formal_runs/PTBXL_SUPER_ECG_CPC_FROZEN_FORMAL_052_05,execution_control/PTBXL_FINAL_CLOSURE/PARALLEL_451_RESIDUAL_SPECIAL_BUNDLE/PTBXL_SUPER_ECG_CPC_FROZEN_FORMAL_052_05,6,REMOTE_AND_LOCAL_SHA256_VERIFIED,PASS,479799,BUNDLE_RECOVERED
PTBXL_SUPER_ECG_CPC_LINEAR_FORMAL_052_06,PTB-XL(super),ECG-CPC,Linear,052,451,/root/autodl-tmp/ECG/formal_runs/PTBXL_SUPER_ECG_CPC_LINEAR_FORMAL_052_06,execution_control/PTBXL_FINAL_CLOSURE/PARALLEL_451_RESIDUAL_SPECIAL_BUNDLE/PTBXL_SUPER_ECG_CPC_LINEAR_FORMAL_052_06,6,REMOTE_AND_LOCAL_SHA256_VERIFIED,PASS,491714,BUNDLE_RECOVERED
