dataset,model,mode,canonical_run,mapping_status,bootstrap_status,point_macro_auroc,ci_low,ci_high,iterations,helper_path,provenance
ptbxl_all,ECGFounder,Finetuning,PTBXL_ALL_ECGFOUNDER_FINETUNING_FORMAL,PASS,BLOCKED_EXISTING_PROVENANCE,0.9352999926,,,,,REUSED_LEGACY_55_RUNS; 
ptbxl_all,ECGFounder,Frozen,PTBXL_ALL_ECGFOUNDER_FROZEN_FORMAL_RUN_001,BLOCKED,NOT_ELIGIBLE_HISTORICAL_BLOCKER,0.927536666393280,,,,,docs/PTBXL_ALL_FROZEN_LINEAR_FINAL_CLOSURE_REPORT.md (ECGFounder Frozen Run 1 preserved sidecar)
ptbxl_all,ECGFounder,Linear,PTBXL_ALL_ECGFOUNDER_LINEAR_FORMAL_RUN_002,PASS,BLOCKED_EXISTING_PROVENANCE,0.930858314037323,,,,,REUSED_LEGACY_55_RUNS; 
ptbxl_all,ECG-JEPA,Finetuning,PTBXL_ALL_ECG_JEPA_FINETUNING_FORMAL,PASS,COMPLETED,0.9386736236314708,0.9031909614801407,0.9429703563451767,1000,upstream/ecg-fm-benchmarking/code/clinical_ts/utils/bootstrap_utils.py::empirical_bootstrap,REUSED_LEGACY_55_RUNS; experiments/ptbxl_all/ecg_jepa/test_0_epoch_100_agg.npz
ptbxl_all,ECG-JEPA,Frozen,PTBXL_ALL_ECG_JEPA_FROZEN_FORMAL_RUN_003,PASS,COMPLETED,0.9289644981410439,0.8941241577267647,0.9321355417370796,1000,upstream/ecg-fm-benchmarking/code/clinical_ts/utils/bootstrap_utils.py::empirical_bootstrap,REUSED_LEGACY_55_RUNS; execution_control/PTBXL_FINAL_CLOSURE/mapping_evidence/instance_451/PTBXL_ALL_ECG_JEPA_FROZEN_FORMAL_RUN_003/test_0_epoch_100_agg.npz
ptbxl_all,ECG-JEPA,Linear,PTBXL_ALL_ECG_JEPA_LINEAR_FORMAL_RUN_004,PASS,COMPLETED,0.928294591305743,0.8982574701309204,0.9324362382292748,1000,upstream/ecg-fm-benchmarking/code/clinical_ts/utils/bootstrap_utils.py::empirical_bootstrap,REUSED_LEGACY_55_RUNS; execution_control/PTBXL_FINAL_CLOSURE/mapping_evidence/instance_451/PTBXL_ALL_ECG_JEPA_LINEAR_FORMAL_RUN_004/test_0_epoch_100_agg.npz
ptbxl_all,ST-MEM,Finetuning,PTBXL_ALL_ST_MEM_FINETUNING_FORMAL,PASS,COMPLETED,0.9328915292045354,0.9013921394944191,0.9362852424383163,1000,upstream/ecg-fm-benchmarking/code/clinical_ts/utils/bootstrap_utils.py::empirical_bootstrap,REUSED_LEGACY_55_RUNS; experiments/ptbxl_all/st_mem/remote_runs/stmem_ptbxl_all_formal_test_no_bootstrap_20260818T112741CST/predictions/ptbxl_all_version_0/agg/test_0_epoch_0_agg.npz
ptbxl_all,ST-MEM,Frozen,PTBXL_ALL_ST_MEM_FROZEN_FORMAL_RUN_005,PASS,COMPLETED,0.9147763388211488,0.8848086833953858,0.9205353677272796,1000,upstream/ecg-fm-benchmarking/code/clinical_ts/utils/bootstrap_utils.py::empirical_bootstrap,REUSED_LEGACY_55_RUNS; execution_control/PTBXL_FINAL_CLOSURE/mapping_evidence/instance_451/PTBXL_ALL_ST_MEM_FROZEN_FORMAL_RUN_005/test_0_epoch_100_agg.npz
ptbxl_all,ST-MEM,Linear,PTBXL_ALL_ST_MEM_LINEAR_FORMAL_RUN_006,PASS,COMPLETED,0.9089388437415884,0.8766545429825783,0.9135813698172569,1000,upstream/ecg-fm-benchmarking/code/clinical_ts/utils/bootstrap_utils.py::empirical_bootstrap,REUSED_LEGACY_55_RUNS; execution_control/PTBXL_FINAL_CLOSURE/mapping_evidence/instance_451/PTBXL_ALL_ST_MEM_LINEAR_FORMAL_RUN_006/test_0_epoch_100_agg.npz
ptbxl_all,MERL,Finetuning,PTBXL_ALL_MERL_FINETUNING_FORMAL,PASS,COMPLETED,0.9212229474841276,0.8895086333155632,0.9271359384059906,1000,upstream/ecg-fm-benchmarking/code/clinical_ts/utils/bootstrap_utils.py::empirical_bootstrap,REUSED_LEGACY_55_RUNS; experiments/ptbxl_all/merl/test_0_epoch_100_agg.npz
ptbxl_all,MERL,Frozen,PTBXL_ALL_MERL_FROZEN_FORMAL_RUN_007,PASS,COMPLETED,0.9113014381097846,0.8806515857577324,0.9153698489069939,1000,upstream/ecg-fm-benchmarking/code/clinical_ts/utils/bootstrap_utils.py::empirical_bootstrap,REUSED_LEGACY_55_RUNS; execution_control/PTBXL_FINAL_CLOSURE/mapping_evidence/instance_451/PTBXL_ALL_MERL_FROZEN_FORMAL_RUN_007/test_0_epoch_100_agg.npz
ptbxl_all,MERL,Linear,PTBXL_ALL_MERL_LINEAR_FORMAL_RUN_008,PASS,COMPLETED,0.8860215708330912,0.8541590392589569,0.8936964347958565,1000,upstream/ecg-fm-benchmarking/code/clinical_ts/utils/bootstrap_utils.py::empirical_bootstrap,REUSED_LEGACY_55_RUNS; execution_control/PTBXL_FINAL_CLOSURE/mapping_evidence/instance_451/PTBXL_ALL_MERL_LINEAR_FORMAL_RUN_008/test_0_epoch_100_agg.npz
ptbxl_all,ECGFM-KED,Finetuning,PTBXL_ALL_ECGFM_KED_FINETUNING_FORMAL,PASS,COMPLETED,0.9046777481903444,0.874322809278965,0.9082983955740929,1000,upstream/ecg-fm-benchmarking/code/clinical_ts/utils/bootstrap_utils.py::empirical_bootstrap,REUSED_LEGACY_55_RUNS; experiments/ptbxl_all/ecgfm_ked/formal_archive_195/formal_tests/ecgfm_ked_ptbxl_all_best_no_bootstrap_195/predictions/ptbxl_all_version_0/agg/test_0_epoch_0_agg.npz
ptbxl_all,ECGFM-KED,Frozen,PTBXL_ALL_ECGFM_KED_FROZEN_FORMAL_RUN_009,PASS,COMPLETED,0.812137109350008,0.7815924838185311,0.826406666636467,1000,upstream/ecg-fm-benchmarking/code/clinical_ts/utils/bootstrap_utils.py::empirical_bootstrap,REUSED_LEGACY_55_RUNS; execution_control/PTBXL_FINAL_CLOSURE/mapping_evidence/instance_451/PTBXL_ALL_ECGFM_KED_FROZEN_FORMAL_RUN_009/test_0_epoch_100_agg.npz
ptbxl_all,ECGFM-KED,Linear,PTBXL_ALL_ECGFM_KED_LINEAR_FORMAL_RUN_010,PASS,COMPLETED,0.688631656489716,0.6704775884747505,0.7131613701581955,1000,upstream/ecg-fm-benchmarking/code/clinical_ts/utils/bootstrap_utils.py::empirical_bootstrap,REUSED_LEGACY_55_RUNS; execution_control/PTBXL_FINAL_CLOSURE/mapping_evidence/instance_451/PTBXL_ALL_ECGFM_KED_LINEAR_FORMAL_RUN_010/test_0_epoch_100_agg.npz
ptbxl_all,HuBERT-ECG,Finetuning,PTBXL_ALL_HUBERT_ECG_FINETUNING_FORMAL,PASS,COMPLETED,0.9130755189920841,0.8819938063621521,0.917936772108078,1000,upstream/ecg-fm-benchmarking/code/clinical_ts/utils/bootstrap_utils.py::empirical_bootstrap,REUSED_LEGACY_55_RUNS; experiments/ptbxl_all/hubert_ecg/remote_snapshot/formal_tests/hubert_ecg_ptbxl_all_best_epoch8_no_bootstrap_20260818T133913+0800/predictions/ptbxl_all_version_0/agg/test_0_epoch_0_agg.npz
ptbxl_all,HuBERT-ECG,Frozen,PTBXL_ALL_HUBERT_ECG_FROZEN_FORMAL_RUN_011,PASS,COMPLETED,0.8836542745917262,0.8528773784637451,0.8887868762016297,1000,upstream/ecg-fm-benchmarking/code/clinical_ts/utils/bootstrap_utils.py::empirical_bootstrap,REUSED_LEGACY_55_RUNS; execution_control/PTBXL_FINAL_CLOSURE/mapping_evidence/instance_451/PTBXL_ALL_HUBERT_ECG_FROZEN_FORMAL_RUN_011/test_0_epoch_100_agg.npz
ptbxl_all,HuBERT-ECG,Linear,PTBXL_ALL_HUBERT_ECG_LINEAR_FORMAL_RUN_012,PASS,COMPLETED,0.8651979364334863,0.8339095398783684,0.872191059589386,1000,upstream/ecg-fm-benchmarking/code/clinical_ts/utils/bootstrap_utils.py::empirical_bootstrap,REUSED_LEGACY_55_RUNS; execution_control/PTBXL_FINAL_CLOSURE/mapping_evidence/instance_451/PTBXL_ALL_HUBERT_ECG_LINEAR_FORMAL_RUN_012/test_0_epoch_100_agg.npz
ptbxl_all,ECG-CPC,Finetuning,PTBXL_ALL_ECG_CPC_FINETUNING_FORMAL,PASS,BLOCKED_EXISTING_PROVENANCE,0.9489525779063319,,,,,REUSED_LEGACY_55_RUNS; 
ptbxl_all,ECG-CPC,Frozen,PTBXL_ALL_ECG_CPC_FROZEN_FORMAL_RUN_013,PASS,COMPLETED,0.9332918051170961,0.9011684745550156,0.9362676322460175,1000,upstream/ecg-fm-benchmarking/code/clinical_ts/utils/bootstrap_utils.py::empirical_bootstrap,REUSED_LEGACY_55_RUNS; execution_control/PTBXL_FINAL_CLOSURE/mapping_evidence/instance_451/PTBXL_ALL_ECG_CPC_FROZEN_FORMAL_RUN_013/test_0_epoch_100_agg.npz
ptbxl_all,ECG-CPC,Linear,PTBXL_ALL_ECG_CPC_LINEAR_FORMAL_RUN_014,PASS,COMPLETED,0.8735590173033532,0.8443989798426628,0.8789446771144866,1000,upstream/ecg-fm-benchmarking/code/clinical_ts/utils/bootstrap_utils.py::empirical_bootstrap,REUSED_LEGACY_55_RUNS; execution_control/PTBXL_FINAL_CLOSURE/mapping_evidence/instance_451/PTBXL_ALL_ECG_CPC_LINEAR_FORMAL_RUN_014/test_0_epoch_100_agg.npz
ptbxl_all,ECG-FM,Finetuning,PTBXL_ALL_ECG_FM_FINETUNING_FORMAL,PASS,COMPLETED,0.9240472984002527,0.8909001022577285,0.9276217266917228,1000,upstream/ecg-fm-benchmarking/code/clinical_ts/utils/bootstrap_utils.py::empirical_bootstrap,REUSED_LEGACY_55_RUNS; experiments/ptbxl_all/ecg_fm/remote_artifacts/ecg_fm_ptbxl_all_formal_20260817T104823Z/test_stage_no_bootstrap_20260817T163225Z/predictions/ptbxl_all_version_0/agg/test_0_epoch_0_agg.npz
ptbxl_all,ECG-FM,Frozen,PTBXL_ALL_ECG_FM_FROZEN_FORMAL_RUN_015,PASS,COMPLETED,0.8841570476302272,0.8508604735136032,0.8934981390833855,1000,upstream/ecg-fm-benchmarking/code/clinical_ts/utils/bootstrap_utils.py::empirical_bootstrap,REUSED_LEGACY_55_RUNS; execution_control/PTBXL_FINAL_CLOSURE/mapping_evidence/instance_451/PTBXL_ALL_ECG_FM_FROZEN_FORMAL_RUN_015_RETRY_01/test_0_epoch_100_agg.npz
ptbxl_all,ECG-FM,Linear,PTBXL_ALL_ECG_FM_LINEAR_FORMAL_RUN_016,PASS,COMPLETED,0.8524638303812679,0.8222985759377479,0.8620819941163063,1000,upstream/ecg-fm-benchmarking/code/clinical_ts/utils/bootstrap_utils.py::empirical_bootstrap,REUSED_LEGACY_55_RUNS; execution_control/PTBXL_FINAL_CLOSURE/mapping_evidence/instance_451/PTBXL_ALL_ECG_FM_LINEAR_FORMAL_RUN_016/test_0_epoch_100_agg.npz
ptbxl_all,S4,Finetuning,PTBXL_ALL_S4_FINETUNING_FORMAL,PASS,BLOCKED_EXISTING_PROVENANCE,0.9408470694,,,,,REUSED_LEGACY_55_RUNS; 
ptbxl_all,Net1D,Finetuning,PTBXL_ALL_NET1D_FINETUNING_FORMAL,PASS,BLOCKED_EXISTING_PROVENANCE,0.9299172773,,,,,REUSED_LEGACY_55_RUNS; 
ptbxl_sub,ECGFounder,Finetuning,PTBXL_SUB_01_ECGFOUNDER_FINETUNING_FORMAL,PASS,COMPLETED,0.9417865948230767,0.9110910624265671,0.9510943531990051,1000,upstream/ecg-fm-benchmarking/code/clinical_ts/utils/bootstrap_utils.py::empirical_bootstrap,REUSED_LEGACY_55_RUNS; execution_control/PTBXL_FINAL_CLOSURE/mapping_evidence/instance_780/PTBXL_SUB_01_ECGFOUNDER_FINETUNING_FORMAL/test_0_epoch_100_agg.npz
ptbxl_sub,ECGFounder,Frozen,PTBXL_SUB_02_ECGFOUNDER_FROZEN_FORMAL,PASS,COMPLETED,0.9382073766325973,0.909586314857006,0.9464298740029335,1000,upstream/ecg-fm-benchmarking/code/clinical_ts/utils/bootstrap_utils.py::empirical_bootstrap,REUSED_LEGACY_55_RUNS; execution_control/PTBXL_FINAL_CLOSURE/mapping_evidence/instance_780/PTBXL_SUB_02_ECGFOUNDER_FROZEN_FORMAL/test_0_epoch_100_agg.npz
ptbxl_sub,ECGFounder,Linear,PTBXL_SUB_03_ECGFOUNDER_LINEAR_FORMAL,PASS,COMPLETED,0.9437089716429289,0.9169285327196122,0.9516828447580338,1000,upstream/ecg-fm-benchmarking/code/clinical_ts/utils/bootstrap_utils.py::empirical_bootstrap,REUSED_LEGACY_55_RUNS; execution_control/PTBXL_FINAL_CLOSURE/mapping_evidence/instance_780/PTBXL_SUB_03_ECGFOUNDER_LINEAR_FORMAL/test_0_epoch_100_agg.npz
ptbxl_sub,ECG-JEPA,Finetuning,PTBXL_SUB_04_ECG_JEPA_FINETUNING_FORMAL,PASS,COMPLETED,0.9331787357525979,0.9024059727787972,0.9420099064707756,1000,upstream/ecg-fm-benchmarking/code/clinical_ts/utils/bootstrap_utils.py::empirical_bootstrap,REUSED_LEGACY_55_RUNS; execution_control/PTBXL_FINAL_CLOSURE/mapping_evidence/instance_780/PTBXL_SUB_04_ECG_JEPA_FINETUNING_FORMAL/test_0_epoch_100_agg.npz
ptbxl_sub,ECG-JEPA,Frozen,PTBXL_SUB_05_ECG_JEPA_FROZEN_FORMAL,PASS,COMPLETED,0.9347207171608186,0.9066148921847343,0.9428438872098923,1000,upstream/ecg-fm-benchmarking/code/clinical_ts/utils/bootstrap_utils.py::empirical_bootstrap,REUSED_LEGACY_55_RUNS; execution_control/PTBXL_FINAL_CLOSURE/mapping_evidence/instance_780/PTBXL_SUB_05_ECG_JEPA_FROZEN_FORMAL/test_0_epoch_100_agg.npz
ptbxl_sub,ECG-JEPA,Linear,PTBXL_SUB_06_ECG_JEPA_LINEAR_FORMAL,PASS,COMPLETED,0.9146194939756961,0.8895678818225861,0.929827219247818,1000,upstream/ecg-fm-benchmarking/code/clinical_ts/utils/bootstrap_utils.py::empirical_bootstrap,REUSED_LEGACY_55_RUNS; execution_control/PTBXL_FINAL_CLOSURE/mapping_evidence/instance_780/PTBXL_SUB_06_ECG_JEPA_LINEAR_FORMAL/test_0_epoch_100_agg.npz
ptbxl_sub,ST-MEM,Finetuning,PTBXL_SUB_07_ST_MEM_FINETUNING_FORMAL_RETRY_03,PASS,COMPLETED,0.9365498320984851,0.9053648233413696,0.9457270100712776,1000,upstream/ecg-fm-benchmarking/code/clinical_ts/utils/bootstrap_utils.py::empirical_bootstrap,REUSED_LEGACY_55_RUNS; execution_control/PTBXL_FINAL_CLOSURE/mapping_evidence/instance_780/PTBXL_SUB_07_ST_MEM_FINETUNING_FORMAL_RETRY_03/predictions/ptbxl_sub_version_0/agg/test_0_epoch_0_agg.npz
ptbxl_sub,ST-MEM,Frozen,PTBXL_SUB_08_ST_MEM_FROZEN_FORMAL,PASS,COMPLETED,0.9212773036057852,0.8888367667794228,0.9320247277617455,1000,upstream/ecg-fm-benchmarking/code/clinical_ts/utils/bootstrap_utils.py::empirical_bootstrap,REUSED_LEGACY_55_RUNS; execution_control/PTBXL_FINAL_CLOSURE/mapping_evidence/instance_780/PTBXL_SUB_08_ST_MEM_FROZEN_FORMAL/predictions/ptbxl_sub_version_0/agg/test_0_epoch_100_agg.npz
ptbxl_sub,ST-MEM,Linear,PTBXL_SUB_09_ST_MEM_LINEAR_FORMAL,PASS,COMPLETED,0.9148336391255671,0.8821931779384613,0.9249387562274933,1000,upstream/ecg-fm-benchmarking/code/clinical_ts/utils/bootstrap_utils.py::empirical_bootstrap,REUSED_LEGACY_55_RUNS; execution_control/PTBXL_FINAL_CLOSURE/mapping_evidence/instance_780/PTBXL_SUB_09_ST_MEM_LINEAR_FORMAL/predictions/ptbxl_sub_version_0/agg/test_0_epoch_100_agg.npz
ptbxl_sub,MERL,Finetuning,PTBXL_SUB_10_MERL_FINETUNING_FORMAL_SUB1,PASS,COMPLETED,0.934417683331577,0.899165304005146,0.944717375934124,1000,upstream/ecg-fm-benchmarking/code/clinical_ts/utils/bootstrap_utils.py::empirical_bootstrap,EMERGENCY_WORKERS instance=438; local_bundle=execution_control/PTBXL_FINAL_CLOSURE/PARALLEL_WORKER_EVIDENCE_BUNDLE/PTBXL_SUB_10_MERL_FINETUNING_FORMAL_SUB1; SHA256 VERIFIED; aggregate=execution_control/PTBXL_FINAL_CLOSURE/PARALLEL_WORKER_EVIDENCE_BUNDLE/PTBXL_SUB_10_MERL_FINETUNING_FORMAL_SUB1/test_0_epoch_100_agg.npz
ptbxl_sub,MERL,Frozen,PTBXL_SUB_11_MERL_FROZEN_FORMAL_SUB1,PASS,COMPLETED,0.9126117081916287,0.8800609365105629,0.9228876695036888,1000,upstream/ecg-fm-benchmarking/code/clinical_ts/utils/bootstrap_utils.py::empirical_bootstrap,EMERGENCY_WORKERS instance=438; local_bundle=execution_control/PTBXL_FINAL_CLOSURE/PARALLEL_WORKER_EVIDENCE_BUNDLE/PTBXL_SUB_11_MERL_FROZEN_FORMAL_SUB1; SHA256 VERIFIED; aggregate=execution_control/PTBXL_FINAL_CLOSURE/PARALLEL_WORKER_EVIDENCE_BUNDLE/PTBXL_SUB_11_MERL_FROZEN_FORMAL_SUB1/test_0_epoch_100_agg.npz
ptbxl_sub,MERL,Linear,PTBXL_SUB_12_MERL_LINEAR_FORMAL_SUB1,PASS,COMPLETED,0.8924090142011554,0.8608739003539085,0.9056489869952202,1000,upstream/ecg-fm-benchmarking/code/clinical_ts/utils/bootstrap_utils.py::empirical_bootstrap,EMERGENCY_WORKERS instance=438; local_bundle=execution_control/PTBXL_FINAL_CLOSURE/PARALLEL_WORKER_EVIDENCE_BUNDLE/PTBXL_SUB_12_MERL_LINEAR_FORMAL_SUB1; SHA256 VERIFIED; aggregate=execution_control/PTBXL_FINAL_CLOSURE/PARALLEL_WORKER_EVIDENCE_BUNDLE/PTBXL_SUB_12_MERL_LINEAR_FORMAL_SUB1/test_0_epoch_100_agg.npz
ptbxl_sub,ECGFM-KED,Finetuning,PTBXL_SUB_13_ECGFM_KED_FINETUNING_FORMAL_SUB2,PASS,COMPLETED,0.9056376137083256,0.8776725187897683,0.9198644638061524,1000,upstream/ecg-fm-benchmarking/code/clinical_ts/utils/bootstrap_utils.py::empirical_bootstrap,EMERGENCY_WORKERS instance=087; local_bundle=execution_control/PTBXL_FINAL_CLOSURE/PARALLEL_WORKER_EVIDENCE_BUNDLE/PTBXL_SUB_13_ECGFM_KED_FINETUNING_FORMAL_SUB2; SHA256 VERIFIED; aggregate=execution_control/PTBXL_FINAL_CLOSURE/PARALLEL_WORKER_EVIDENCE_BUNDLE/PTBXL_SUB_13_ECGFM_KED_FINETUNING_FORMAL_SUB2/test_0_epoch_0_agg.npz
ptbxl_sub,ECGFM-KED,Frozen,PTBXL_SUB_14_ECGFM_KED_FROZEN_FORMAL_SUB2,PASS,COMPLETED,0.9133209110207481,0.8830658942461014,0.9241976097226143,1000,upstream/ecg-fm-benchmarking/code/clinical_ts/utils/bootstrap_utils.py::empirical_bootstrap,EMERGENCY_WORKERS instance=087; local_bundle=execution_control/PTBXL_FINAL_CLOSURE/PARALLEL_WORKER_EVIDENCE_BUNDLE/PTBXL_SUB_14_ECGFM_KED_FROZEN_FORMAL_SUB2; SHA256 VERIFIED; aggregate=execution_control/PTBXL_FINAL_CLOSURE/PARALLEL_WORKER_EVIDENCE_BUNDLE/PTBXL_SUB_14_ECGFM_KED_FROZEN_FORMAL_SUB2/test_0_epoch_0_agg.npz
ptbxl_sub,ECGFM-KED,Linear,PTBXL_SUB_15_ECGFM_KED_LINEAR_FORMAL_SUB2,PASS,COMPLETED,0.8674198274876407,0.8390335500240326,0.8916902467608452,1000,upstream/ecg-fm-benchmarking/code/clinical_ts/utils/bootstrap_utils.py::empirical_bootstrap,EMERGENCY_WORKERS instance=087; local_bundle=execution_control/PTBXL_FINAL_CLOSURE/PARALLEL_WORKER_EVIDENCE_BUNDLE/PTBXL_SUB_15_ECGFM_KED_LINEAR_FORMAL_SUB2; SHA256 VERIFIED; aggregate=execution_control/PTBXL_FINAL_CLOSURE/PARALLEL_WORKER_EVIDENCE_BUNDLE/PTBXL_SUB_15_ECGFM_KED_LINEAR_FORMAL_SUB2/test_0_epoch_0_agg.npz
ptbxl_sub,HuBERT-ECG,Finetuning,PTBXL_SUB_16_HUBERT_ECG_FINETUNING_FORMAL_SUB3,PASS,COMPLETED,0.9257220848297101,0.8956966206431389,0.9357872113585473,1000,upstream/ecg-fm-benchmarking/code/clinical_ts/utils/bootstrap_utils.py::empirical_bootstrap,EMERGENCY_WORKERS instance=746; local_bundle=execution_control/PTBXL_FINAL_CLOSURE/PARALLEL_WORKER_EVIDENCE_BUNDLE/PTBXL_SUB_16_HUBERT_ECG_FINETUNING_FORMAL_SUB3; SHA256 VERIFIED; aggregate=execution_control/PTBXL_FINAL_CLOSURE/PARALLEL_WORKER_EVIDENCE_BUNDLE/PTBXL_SUB_16_HUBERT_ECG_FINETUNING_FORMAL_SUB3/test_0_epoch_0_agg.npz
ptbxl_sub,HuBERT-ECG,Frozen,PTBXL_SUB_17_HUBERT_ECG_FROZEN_FORMAL_SUB3,PASS,COMPLETED,0.9019865466210889,0.8708568170666695,0.9123958185315132,1000,upstream/ecg-fm-benchmarking/code/clinical_ts/utils/bootstrap_utils.py::empirical_bootstrap,EMERGENCY_WORKERS instance=746; local_bundle=execution_control/PTBXL_FINAL_CLOSURE/PARALLEL_WORKER_EVIDENCE_BUNDLE/PTBXL_SUB_17_HUBERT_ECG_FROZEN_FORMAL_SUB3; SHA256 VERIFIED; aggregate=execution_control/PTBXL_FINAL_CLOSURE/PARALLEL_WORKER_EVIDENCE_BUNDLE/PTBXL_SUB_17_HUBERT_ECG_FROZEN_FORMAL_SUB3/test_0_epoch_0_agg.npz
ptbxl_sub,HuBERT-ECG,Linear,PTBXL_SUB_18_HUBERT_ECG_LINEAR_FORMAL_SUB3,PASS,COMPLETED,0.8958144901266267,0.864751809835434,0.9050058230757714,1000,upstream/ecg-fm-benchmarking/code/clinical_ts/utils/bootstrap_utils.py::empirical_bootstrap,EMERGENCY_WORKERS instance=746; local_bundle=execution_control/PTBXL_FINAL_CLOSURE/PARALLEL_WORKER_EVIDENCE_BUNDLE/PTBXL_SUB_18_HUBERT_ECG_LINEAR_FORMAL_SUB3; SHA256 VERIFIED; aggregate=execution_control/PTBXL_FINAL_CLOSURE/PARALLEL_WORKER_EVIDENCE_BUNDLE/PTBXL_SUB_18_HUBERT_ECG_LINEAR_FORMAL_SUB3/test_0_epoch_0_agg.npz
ptbxl_sub,ECG-CPC,Finetuning,HUMAN_AUTHORITY_CONFIRMED__SUB_ECG_CPC_FINETUNING__CANONICAL_RUN_ID_PENDING_LOCAL_RECOVERY,PASS,COMPLETED,0.939355526159927,0.9064395174384117,0.9494918555021286,1000,upstream/ecg-fm-benchmarking/code/clinical_ts/utils/bootstrap_utils.py::empirical_bootstrap,REUSED_LEGACY_55_RUNS; execution_control/PTBXL_FINAL_CLOSURE/PARALLEL_451_RESIDUAL_SPECIAL_BUNDLE/PTBXL_SUB_ECG_CPC_FINETUNING_FORMAL_052_01/test_0_epoch_100_agg.npz
ptbxl_sub,ECG-CPC,Frozen,HUMAN_AUTHORITY_CONFIRMED__SUB_ECG_CPC_FROZEN__CANONICAL_RUN_ID_PENDING_LOCAL_RECOVERY,PASS,COMPLETED,0.9355913948850507,0.9085262715816498,0.9422409787774086,1000,upstream/ecg-fm-benchmarking/code/clinical_ts/utils/bootstrap_utils.py::empirical_bootstrap,REUSED_LEGACY_55_RUNS; execution_control/PTBXL_FINAL_CLOSURE/PARALLEL_451_RESIDUAL_SPECIAL_BUNDLE/PTBXL_SUB_ECG_CPC_FROZEN_FORMAL_052_02/test_0_epoch_100_agg.npz
ptbxl_sub,ECG-CPC,Linear,HUMAN_AUTHORITY_CONFIRMED__SUB_ECG_CPC_LINEAR__CANONICAL_RUN_ID_PENDING_LOCAL_RECOVERY,PASS,COMPLETED,0.8861611568482203,0.8565721765160561,0.8948589563369751,1000,upstream/ecg-fm-benchmarking/code/clinical_ts/utils/bootstrap_utils.py::empirical_bootstrap,REUSED_LEGACY_55_RUNS; execution_control/PTBXL_FINAL_CLOSURE/PARALLEL_451_RESIDUAL_SPECIAL_BUNDLE/PTBXL_SUB_ECG_CPC_LINEAR_FORMAL_052_03/test_0_epoch_100_agg.npz
ptbxl_sub,ECG-FM,Finetuning,HUMAN_AUTHORITY_CONFIRMED__SUB_ECG_FM_FINETUNING__CANONICAL_RUN_ID_PENDING_LOCAL_RECOVERY,PASS,COMPLETED,0.9238766269677311,0.8912225380539894,0.9337662339210511,1000,upstream/ecg-fm-benchmarking/code/clinical_ts/utils/bootstrap_utils.py::empirical_bootstrap,REUSED_LEGACY_55_RUNS; execution_control/PTBXL_FINAL_CLOSURE/PARALLEL_451_RESIDUAL_SPECIAL_BUNDLE/PTBXL_SUB_ECG_FM_FINETUNING_FORMAL_052_07/test_0_epoch_100_agg.npz
ptbxl_sub,ECG-FM,Frozen,HUMAN_AUTHORITY_CONFIRMED__SUB_ECG_FM_FROZEN__CANONICAL_RUN_ID_PENDING_LOCAL_RECOVERY,PASS,COMPLETED,0.9067981850900095,0.8773800507187843,0.9163503959774971,1000,upstream/ecg-fm-benchmarking/code/clinical_ts/utils/bootstrap_utils.py::empirical_bootstrap,REUSED_LEGACY_55_RUNS; execution_control/PTBXL_FINAL_CLOSURE/PARALLEL_451_RESIDUAL_SPECIAL_BUNDLE/PTBXL_SUB_ECG_FM_FROZEN_FORMAL_052_08/test_0_epoch_100_agg.npz
ptbxl_sub,ECG-FM,Linear,HUMAN_AUTHORITY_CONFIRMED__SUB_ECG_FM_LINEAR__CANONICAL_RUN_ID_PENDING_LOCAL_RECOVERY,PASS,COMPLETED,0.8789245176521392,0.8488399595022201,0.8885488092899323,1000,upstream/ecg-fm-benchmarking/code/clinical_ts/utils/bootstrap_utils.py::empirical_bootstrap,REUSED_LEGACY_55_RUNS; execution_control/PTBXL_FINAL_CLOSURE/PARALLEL_451_RESIDUAL_SPECIAL_BUNDLE/PTBXL_SUB_ECG_FM_LINEAR_FORMAL_052_09/test_0_epoch_100_agg.npz
ptbxl_sub,S4,Finetuning,PTBXL_SUB_19_S4_FINETUNING_FORMAL_SUB4,PASS,COMPLETED,0.936317379712092,0.9069498673081398,0.9447631135582923,1000,upstream/ecg-fm-benchmarking/code/clinical_ts/utils/bootstrap_utils.py::empirical_bootstrap,EMERGENCY_WORKERS instance=438; local_bundle=execution_control/PTBXL_FINAL_CLOSURE/PARALLEL_WORKER_EVIDENCE_BUNDLE/PTBXL_SUB_19_S4_FINETUNING_FORMAL_SUB4; SHA256 VERIFIED; aggregate=execution_control/PTBXL_FINAL_CLOSURE/PARALLEL_WORKER_EVIDENCE_BUNDLE/PTBXL_SUB_19_S4_FINETUNING_FORMAL_SUB4/test_0_epoch_100_agg.npz
ptbxl_sub,Net1D,Finetuning,PTBXL_SUB_20_NET1D_FINETUNING_FORMAL_SUB4,PASS,COMPLETED,0.9309598620520987,0.8953975707292556,0.9426186829805374,1000,upstream/ecg-fm-benchmarking/code/clinical_ts/utils/bootstrap_utils.py::empirical_bootstrap,EMERGENCY_WORKERS instance=438; local_bundle=execution_control/PTBXL_FINAL_CLOSURE/PARALLEL_WORKER_EVIDENCE_BUNDLE/PTBXL_SUB_20_NET1D_FINETUNING_FORMAL_SUB4; SHA256 VERIFIED; aggregate=execution_control/PTBXL_FINAL_CLOSURE/PARALLEL_WORKER_EVIDENCE_BUNDLE/PTBXL_SUB_20_NET1D_FINETUNING_FORMAL_SUB4/test_0_epoch_100_agg.npz
ptbxl_super,ECGFounder,Finetuning,PTBXL_SUPER_01_ECGFOUNDER_FINETUNING_FORMAL,PASS,COMPLETED,0.9349940744872626,0.9284185916185379,0.9412524223327636,1000,upstream/ecg-fm-benchmarking/code/clinical_ts/utils/bootstrap_utils.py::empirical_bootstrap,REUSED_LEGACY_55_RUNS; execution_control/PTBXL_FINAL_CLOSURE/mapping_evidence/instance_775/PTBXL_SUPER_01_ECGFOUNDER_FINETUNING_FORMAL/test_0_epoch_100_agg.npz
ptbxl_super,ECGFounder,Frozen,PTBXL_SUPER_02_ECGFOUNDER_FROZEN_FORMAL,PASS,COMPLETED,0.9279415770533792,0.9211754217743874,0.9340686336159706,1000,upstream/ecg-fm-benchmarking/code/clinical_ts/utils/bootstrap_utils.py::empirical_bootstrap,REUSED_LEGACY_55_RUNS; execution_control/PTBXL_FINAL_CLOSURE/mapping_evidence/instance_775/PTBXL_SUPER_02_ECGFOUNDER_FROZEN_FORMAL/test_0_epoch_100_agg.npz
ptbxl_super,ECGFounder,Linear,PTBXL_SUPER_03_ECGFOUNDER_LINEAR_FORMAL,PASS,COMPLETED,0.9245959899745847,0.9174638107419014,0.9311424747109414,1000,upstream/ecg-fm-benchmarking/code/clinical_ts/utils/bootstrap_utils.py::empirical_bootstrap,REUSED_LEGACY_55_RUNS; execution_control/PTBXL_FINAL_CLOSURE/mapping_evidence/instance_775/PTBXL_SUPER_03_ECGFOUNDER_LINEAR_FORMAL/test_0_epoch_100_agg.npz
ptbxl_super,ECG-JEPA,Finetuning,PTBXL_SUPER_04_ECG_JEPA_FINETUNING_FORMAL,PASS,COMPLETED,0.923856682590019,0.9164013460278511,0.9310095176100731,1000,upstream/ecg-fm-benchmarking/code/clinical_ts/utils/bootstrap_utils.py::empirical_bootstrap,REUSED_LEGACY_55_RUNS; execution_control/PTBXL_FINAL_CLOSURE/mapping_evidence/instance_775/PTBXL_SUPER_04_ECG_JEPA_FINETUNING_FORMAL/test_0_epoch_100_agg.npz
ptbxl_super,ECG-JEPA,Frozen,PTBXL_SUPER_05_ECG_JEPA_FROZEN_FORMAL,PASS,COMPLETED,0.918862323024819,0.9114444956183434,0.9258729070425034,1000,upstream/ecg-fm-benchmarking/code/clinical_ts/utils/bootstrap_utils.py::empirical_bootstrap,REUSED_LEGACY_55_RUNS; execution_control/PTBXL_FINAL_CLOSURE/mapping_evidence/instance_775/PTBXL_SUPER_05_ECG_JEPA_FROZEN_FORMAL/test_0_epoch_100_agg.npz
ptbxl_super,ECG-JEPA,Linear,PTBXL_SUPER_06_ECG_JEPA_LINEAR_FORMAL,PASS,COMPLETED,0.910853317637909,0.9034518763422966,0.917954808473587,1000,upstream/ecg-fm-benchmarking/code/clinical_ts/utils/bootstrap_utils.py::empirical_bootstrap,REUSED_LEGACY_55_RUNS; execution_control/PTBXL_FINAL_CLOSURE/mapping_evidence/instance_775/PTBXL_SUPER_06_ECG_JEPA_LINEAR_FORMAL/test_0_epoch_100_agg.npz
ptbxl_super,ST-MEM,Finetuning,PTBXL_SUPER_07_ST_MEM_FINETUNING_FORMAL_RETRY_03,PASS,COMPLETED,0.9276266102550871,0.9208751574158669,0.9344883412122726,1000,upstream/ecg-fm-benchmarking/code/clinical_ts/utils/bootstrap_utils.py::empirical_bootstrap,REUSED_LEGACY_55_RUNS; execution_control/PTBXL_FINAL_CLOSURE/mapping_evidence/instance_775/PTBXL_SUPER_07_ST_MEM_FINETUNING_FORMAL_RETRY_03/predictions/ptbxl_super_version_0/agg/test_0_epoch_0_agg.npz
ptbxl_super,ST-MEM,Frozen,PTBXL_SUPER_08_ST_MEM_FROZEN_FORMAL,PASS,COMPLETED,0.9183862591341126,0.9110615402460098,0.9252676948904991,1000,upstream/ecg-fm-benchmarking/code/clinical_ts/utils/bootstrap_utils.py::empirical_bootstrap,REUSED_LEGACY_55_RUNS; execution_control/PTBXL_FINAL_CLOSURE/mapping_evidence/instance_775/PTBXL_SUPER_08_ST_MEM_FROZEN_FORMAL/predictions/ptbxl_super_version_0/agg/test_0_epoch_100_agg.npz
ptbxl_super,ST-MEM,Linear,PTBXL_SUPER_09_ST_MEM_LINEAR_FORMAL,PASS,COMPLETED,0.8955476063380189,0.8875308722257614,0.9033091068267822,1000,upstream/ecg-fm-benchmarking/code/clinical_ts/utils/bootstrap_utils.py::empirical_bootstrap,REUSED_LEGACY_55_RUNS; execution_control/PTBXL_FINAL_CLOSURE/mapping_evidence/instance_775/PTBXL_SUPER_09_ST_MEM_LINEAR_FORMAL/predictions/ptbxl_super_version_0/agg/test_0_epoch_100_agg.npz
ptbxl_super,MERL,Finetuning,PTBXL_SUPER_10_MERL_FINETUNING_FORMAL_SUPER1,PASS,COMPLETED,0.9277491784203497,0.9209796324372291,0.9349433839321136,1000,upstream/ecg-fm-benchmarking/code/clinical_ts/utils/bootstrap_utils.py::empirical_bootstrap,EMERGENCY_WORKERS instance=573; local_bundle=execution_control/PTBXL_FINAL_CLOSURE/PARALLEL_WORKER_EVIDENCE_BUNDLE/PTBXL_SUPER_10_MERL_FINETUNING_FORMAL_SUPER1; SHA256 VERIFIED; aggregate=execution_control/PTBXL_FINAL_CLOSURE/PARALLEL_WORKER_EVIDENCE_BUNDLE/PTBXL_SUPER_10_MERL_FINETUNING_FORMAL_SUPER1/test_0_epoch_100_agg.npz
ptbxl_super,MERL,Frozen,PTBXL_SUPER_11_MERL_FROZEN_FORMAL_SUPER1,PASS,COMPLETED,0.9135595447121643,0.9064651966094971,0.9211511418223381,1000,upstream/ecg-fm-benchmarking/code/clinical_ts/utils/bootstrap_utils.py::empirical_bootstrap,EMERGENCY_WORKERS instance=573; local_bundle=execution_control/PTBXL_FINAL_CLOSURE/PARALLEL_WORKER_EVIDENCE_BUNDLE/PTBXL_SUPER_11_MERL_FROZEN_FORMAL_SUPER1; SHA256 VERIFIED; aggregate=execution_control/PTBXL_FINAL_CLOSURE/PARALLEL_WORKER_EVIDENCE_BUNDLE/PTBXL_SUPER_11_MERL_FROZEN_FORMAL_SUPER1/test_0_epoch_100_agg.npz
ptbxl_super,MERL,Linear,PTBXL_SUPER_12_MERL_LINEAR_FORMAL_SUPER1,PASS,COMPLETED,0.8874407345608608,0.878280945122242,0.8959893226623535,1000,upstream/ecg-fm-benchmarking/code/clinical_ts/utils/bootstrap_utils.py::empirical_bootstrap,EMERGENCY_WORKERS instance=573; local_bundle=execution_control/PTBXL_FINAL_CLOSURE/PARALLEL_WORKER_EVIDENCE_BUNDLE/PTBXL_SUPER_12_MERL_LINEAR_FORMAL_SUPER1; SHA256 VERIFIED; aggregate=execution_control/PTBXL_FINAL_CLOSURE/PARALLEL_WORKER_EVIDENCE_BUNDLE/PTBXL_SUPER_12_MERL_LINEAR_FORMAL_SUPER1/test_0_epoch_100_agg.npz
ptbxl_super,ECGFM-KED,Finetuning,PTBXL_SUPER_13_ECGFM_KED_FINETUNING_FORMAL_SUPER2,PASS,COMPLETED,0.9127865059623268,0.9047548115253449,0.9201647982001304,1000,upstream/ecg-fm-benchmarking/code/clinical_ts/utils/bootstrap_utils.py::empirical_bootstrap,EMERGENCY_WORKERS instance=F42; local_bundle=execution_control/PTBXL_FINAL_CLOSURE/PARALLEL_WORKER_EVIDENCE_BUNDLE/PTBXL_SUPER_13_ECGFM_KED_FINETUNING_FORMAL_SUPER2; SHA256 VERIFIED; aggregate=execution_control/PTBXL_FINAL_CLOSURE/PARALLEL_WORKER_EVIDENCE_BUNDLE/PTBXL_SUPER_13_ECGFM_KED_FINETUNING_FORMAL_SUPER2/test_0_epoch_0_agg.npz
ptbxl_super,ECGFM-KED,Frozen,PTBXL_SUPER_14_ECGFM_KED_FROZEN_FORMAL_SUPER2,PASS,COMPLETED,0.9086709460592648,0.9007499203085899,0.9162874162197113,1000,upstream/ecg-fm-benchmarking/code/clinical_ts/utils/bootstrap_utils.py::empirical_bootstrap,EMERGENCY_WORKERS instance=F42; local_bundle=execution_control/PTBXL_FINAL_CLOSURE/PARALLEL_WORKER_EVIDENCE_BUNDLE/PTBXL_SUPER_14_ECGFM_KED_FROZEN_FORMAL_SUPER2; SHA256 VERIFIED; aggregate=execution_control/PTBXL_FINAL_CLOSURE/PARALLEL_WORKER_EVIDENCE_BUNDLE/PTBXL_SUPER_14_ECGFM_KED_FROZEN_FORMAL_SUPER2/test_0_epoch_0_agg.npz
ptbxl_super,ECGFM-KED,Linear,PTBXL_SUPER_15_ECGFM_KED_LINEAR_FORMAL_SUPER2,PASS,COMPLETED,0.8771093010374056,0.8679097905755043,0.8853401422500611,1000,upstream/ecg-fm-benchmarking/code/clinical_ts/utils/bootstrap_utils.py::empirical_bootstrap,EMERGENCY_WORKERS instance=F42; local_bundle=execution_control/PTBXL_FINAL_CLOSURE/PARALLEL_WORKER_EVIDENCE_BUNDLE/PTBXL_SUPER_15_ECGFM_KED_LINEAR_FORMAL_SUPER2; SHA256 VERIFIED; aggregate=execution_control/PTBXL_FINAL_CLOSURE/PARALLEL_WORKER_EVIDENCE_BUNDLE/PTBXL_SUPER_15_ECGFM_KED_LINEAR_FORMAL_SUPER2/test_0_epoch_0_agg.npz
ptbxl_super,HuBERT-ECG,Finetuning,PTBXL_SUPER_16_HUBERT_ECG_FINETUNING_FORMAL_SUPER3,PASS,COMPLETED,0.9020637248224321,0.8939823180437088,0.9103184625506401,1000,upstream/ecg-fm-benchmarking/code/clinical_ts/utils/bootstrap_utils.py::empirical_bootstrap,EMERGENCY_WORKERS instance=E96; local_bundle=execution_control/PTBXL_FINAL_CLOSURE/PARALLEL_WORKER_EVIDENCE_BUNDLE/PTBXL_SUPER_16_HUBERT_ECG_FINETUNING_FORMAL_SUPER3; SHA256 VERIFIED; aggregate=execution_control/PTBXL_FINAL_CLOSURE/PARALLEL_WORKER_EVIDENCE_BUNDLE/PTBXL_SUPER_16_HUBERT_ECG_FINETUNING_FORMAL_SUPER3/test_0_epoch_0_agg.npz
ptbxl_super,HuBERT-ECG,Frozen,PTBXL_SUPER_17_HUBERT_ECG_FROZEN_FORMAL_SUPER3,PASS,COMPLETED,0.8909346663382249,0.882191053032875,0.8992795944213867,1000,upstream/ecg-fm-benchmarking/code/clinical_ts/utils/bootstrap_utils.py::empirical_bootstrap,EMERGENCY_WORKERS instance=E96; local_bundle=execution_control/PTBXL_FINAL_CLOSURE/PARALLEL_WORKER_EVIDENCE_BUNDLE/PTBXL_SUPER_17_HUBERT_ECG_FROZEN_FORMAL_SUPER3; SHA256 VERIFIED; aggregate=execution_control/PTBXL_FINAL_CLOSURE/PARALLEL_WORKER_EVIDENCE_BUNDLE/PTBXL_SUPER_17_HUBERT_ECG_FROZEN_FORMAL_SUPER3/test_0_epoch_0_agg.npz
ptbxl_super,HuBERT-ECG,Linear,PTBXL_SUPER_18_HUBERT_ECG_LINEAR_FORMAL_SUPER3,PASS,COMPLETED,0.8765862858034984,0.8675896883010864,0.8853186324238778,1000,upstream/ecg-fm-benchmarking/code/clinical_ts/utils/bootstrap_utils.py::empirical_bootstrap,EMERGENCY_WORKERS instance=E96; local_bundle=execution_control/PTBXL_FINAL_CLOSURE/PARALLEL_WORKER_EVIDENCE_BUNDLE/PTBXL_SUPER_18_HUBERT_ECG_LINEAR_FORMAL_SUPER3; SHA256 VERIFIED; aggregate=execution_control/PTBXL_FINAL_CLOSURE/PARALLEL_WORKER_EVIDENCE_BUNDLE/PTBXL_SUPER_18_HUBERT_ECG_LINEAR_FORMAL_SUPER3/test_0_epoch_0_agg.npz
ptbxl_super,ECG-CPC,Finetuning,HUMAN_AUTHORITY_CONFIRMED__SUPER_ECG_CPC_FINETUNING__CANONICAL_RUN_ID_PENDING_LOCAL_RECOVERY,PASS,COMPLETED,0.9328485166872431,0.9264938339591027,0.9395304933190346,1000,upstream/ecg-fm-benchmarking/code/clinical_ts/utils/bootstrap_utils.py::empirical_bootstrap,REUSED_LEGACY_55_RUNS; execution_control/PTBXL_FINAL_CLOSURE/PARALLEL_451_RESIDUAL_SPECIAL_BUNDLE/PTBXL_SUPER_ECG_CPC_FINETUNING_FORMAL_052_04/test_0_epoch_100_agg.npz
ptbxl_super,ECG-CPC,Frozen,HUMAN_AUTHORITY_CONFIRMED__SUPER_ECG_CPC_FROZEN__CANONICAL_RUN_ID_PENDING_LOCAL_RECOVERY,PASS,COMPLETED,0.9181136532947134,0.9109831199049949,0.9249314963817596,1000,upstream/ecg-fm-benchmarking/code/clinical_ts/utils/bootstrap_utils.py::empirical_bootstrap,REUSED_LEGACY_55_RUNS; execution_control/PTBXL_FINAL_CLOSURE/PARALLEL_451_RESIDUAL_SPECIAL_BUNDLE/PTBXL_SUPER_ECG_CPC_FROZEN_FORMAL_052_05/test_0_epoch_100_agg.npz
ptbxl_super,ECG-CPC,Linear,HUMAN_AUTHORITY_CONFIRMED__SUPER_ECG_CPC_LINEAR__CANONICAL_RUN_ID_PENDING_LOCAL_RECOVERY,PASS,COMPLETED,0.8624813743871677,0.8535593926906586,0.870682081580162,1000,upstream/ecg-fm-benchmarking/code/clinical_ts/utils/bootstrap_utils.py::empirical_bootstrap,REUSED_LEGACY_55_RUNS; execution_control/PTBXL_FINAL_CLOSURE/PARALLEL_451_RESIDUAL_SPECIAL_BUNDLE/PTBXL_SUPER_ECG_CPC_LINEAR_FORMAL_052_06/test_0_epoch_100_agg.npz
ptbxl_super,ECG-FM,Finetuning,PTBXL_SUPER_ECG_FM_FINETUNING_FORMAL_052_10,PASS,COMPLETED,0.9171173212492894,0.9094986408948899,0.9239691898226738,1000,upstream/ecg-fm-benchmarking/code/clinical_ts/utils/bootstrap_utils.py::empirical_bootstrap,REUSED_LEGACY_55_RUNS; execution_control/PTBXL_FINAL_CLOSURE/mapping_evidence/instance_451/PTBXL_SUPER_ECG_FM_FINETUNING_FORMAL_052_10/test_0_epoch_100_agg.npz
ptbxl_super,ECG-FM,Frozen,PTBXL_SUPER_ECG_FM_FROZEN_FORMAL_052_11,PASS,COMPLETED,0.8823790082234277,0.8739891827106476,0.8911411017179489,1000,upstream/ecg-fm-benchmarking/code/clinical_ts/utils/bootstrap_utils.py::empirical_bootstrap,REUSED_LEGACY_55_RUNS; execution_control/PTBXL_FINAL_CLOSURE/mapping_evidence/instance_451/PTBXL_SUPER_ECG_FM_FROZEN_FORMAL_052_11/test_0_epoch_100_agg.npz
ptbxl_super,ECG-FM,Linear,PTBXL_SUPER_ECG_FM_LINEAR_FORMAL_052_12,PASS,COMPLETED,0.8763569197393005,0.8667688697576523,0.8851681858301162,1000,upstream/ecg-fm-benchmarking/code/clinical_ts/utils/bootstrap_utils.py::empirical_bootstrap,REUSED_LEGACY_55_RUNS; execution_control/PTBXL_FINAL_CLOSURE/mapping_evidence/instance_451/PTBXL_SUPER_ECG_FM_LINEAR_FORMAL_052_12/test_0_epoch_100_agg.npz
ptbxl_super,S4,Finetuning,PTBXL_SUPER_19_S4_FINETUNING_FORMAL_SUPER4,PASS,COMPLETED,0.9339611755567642,0.9271268174052238,0.9403238505125046,1000,upstream/ecg-fm-benchmarking/code/clinical_ts/utils/bootstrap_utils.py::empirical_bootstrap,EMERGENCY_WORKERS instance=856; local_bundle=execution_control/PTBXL_FINAL_CLOSURE/PARALLEL_WORKER_EVIDENCE_BUNDLE/PTBXL_SUPER_19_S4_FINETUNING_FORMAL_SUPER4; SHA256 VERIFIED; aggregate=execution_control/PTBXL_FINAL_CLOSURE/PARALLEL_WORKER_EVIDENCE_BUNDLE/PTBXL_SUPER_19_S4_FINETUNING_FORMAL_SUPER4/test_0_epoch_100_agg.npz
ptbxl_super,Net1D,Finetuning,PTBXL_SUPER_20_NET1D_FINETUNING_FORMAL_SUPER4,PASS,COMPLETED,0.9275591309568997,0.921099565923214,0.9338883996009827,1000,upstream/ecg-fm-benchmarking/code/clinical_ts/utils/bootstrap_utils.py::empirical_bootstrap,EMERGENCY_WORKERS instance=856; local_bundle=execution_control/PTBXL_FINAL_CLOSURE/PARALLEL_WORKER_EVIDENCE_BUNDLE/PTBXL_SUPER_20_NET1D_FINETUNING_FORMAL_SUPER4; SHA256 VERIFIED; aggregate=execution_control/PTBXL_FINAL_CLOSURE/PARALLEL_WORKER_EVIDENCE_BUNDLE/PTBXL_SUPER_20_NET1D_FINETUNING_FORMAL_SUPER4/test_0_epoch_100_agg.npz
