"table","dataset","model","mode","old_paper_reference","new_paper_reference","old_difference","new_difference","paper_source","status"
"Table 3","ptbxl_all","ECGFounder","Finetuning","0.934","0.934","0.0012999925999999107","0.0012999926","Benchmarking ECG FMs: A Reality Check Across Clinical Tasks; project_notes/source_materials/arxiv_source/main.tex; Table 3 (Finetuning evaluation), PTB-XL (all/sub/super) rows","COMPLETED"
"Table 3","ptbxl_all","ECG-JEPA","Finetuning","0.940","0.940","-0.0013263763685291696","-0.0013263763685292","Benchmarking ECG FMs: A Reality Check Across Clinical Tasks; project_notes/source_materials/arxiv_source/main.tex; Table 3 (Finetuning evaluation), PTB-XL (all/sub/super) rows","COMPLETED"
"Table 3","ptbxl_all","ST-MEM","Finetuning","0.908","0.908","0.024891529204535412","0.0248915292045354","Benchmarking ECG FMs: A Reality Check Across Clinical Tasks; project_notes/source_materials/arxiv_source/main.tex; Table 3 (Finetuning evaluation), PTB-XL (all/sub/super) rows","COMPLETED"
"Table 3","ptbxl_all","MERL","Finetuning","0.925","0.925","-0.003777052515872459","-0.0037770525158724","Benchmarking ECG FMs: A Reality Check Across Clinical Tasks; project_notes/source_materials/arxiv_source/main.tex; Table 3 (Finetuning evaluation), PTB-XL (all/sub/super) rows","COMPLETED"
"Table 3","ptbxl_all","ECGFM-KED","Finetuning","0.889","0.889","0.015677748190344398","0.0156777481903444","Benchmarking ECG FMs: A Reality Check Across Clinical Tasks; project_notes/source_materials/arxiv_source/main.tex; Table 3 (Finetuning evaluation), PTB-XL (all/sub/super) rows","COMPLETED"
"Table 3","ptbxl_all","HuBERT-ECG","Finetuning","0.915","0.915","-0.001924481007915979","-0.0019244810079159","Benchmarking ECG FMs: A Reality Check Across Clinical Tasks; project_notes/source_materials/arxiv_source/main.tex; Table 3 (Finetuning evaluation), PTB-XL (all/sub/super) rows","COMPLETED"
"Table 3","ptbxl_all","ECG-CPC","Finetuning","0.949","0.949","-4.742209366803696e-05","-4.74220936681E-05","Benchmarking ECG FMs: A Reality Check Across Clinical Tasks; project_notes/source_materials/arxiv_source/main.tex; Table 3 (Finetuning evaluation), PTB-XL (all/sub/super) rows","COMPLETED"
"Table 3","ptbxl_all","ECG-FM","Finetuning","0.927","0.927","-0.002952701599747365","-0.0029527015997473","Benchmarking ECG FMs: A Reality Check Across Clinical Tasks; project_notes/source_materials/arxiv_source/main.tex; Table 3 (Finetuning evaluation), PTB-XL (all/sub/super) rows","COMPLETED"
"Table 3","ptbxl_all","S4","Finetuning","0.941","0.941","-0.0001529305999999897","-0.0001529306","Benchmarking ECG FMs: A Reality Check Across Clinical Tasks; project_notes/source_materials/arxiv_source/main.tex; Table 3 (Finetuning evaluation), PTB-XL (all/sub/super) rows","COMPLETED"
"Table 3","ptbxl_all","Net1D","Finetuning","0.929","0.929","0.0009172772999999079","0.0009172773","Benchmarking ECG FMs: A Reality Check Across Clinical Tasks; project_notes/source_materials/arxiv_source/main.tex; Table 3 (Finetuning evaluation), PTB-XL (all/sub/super) rows","COMPLETED"
"Table 3","ptbxl_sub","ECGFounder","Finetuning","NOT_REPORTED / NA","0.943","","-0.0012134051769233","Benchmarking ECG FMs: A Reality Check Across Clinical Tasks; project_notes/source_materials/arxiv_source/main.tex; Table 3 (Finetuning evaluation), PTB-XL (all/sub/super) rows","COMPLETED"
"Table 3","ptbxl_sub","ECG-JEPA","Finetuning","NOT_REPORTED / NA","0.935","","-0.0018212642474021","Benchmarking ECG FMs: A Reality Check Across Clinical Tasks; project_notes/source_materials/arxiv_source/main.tex; Table 3 (Finetuning evaluation), PTB-XL (all/sub/super) rows","COMPLETED"
"Table 3","ptbxl_sub","ST-MEM","Finetuning","NOT_REPORTED / NA","0.916","","0.0205498320984851","Benchmarking ECG FMs: A Reality Check Across Clinical Tasks; project_notes/source_materials/arxiv_source/main.tex; Table 3 (Finetuning evaluation), PTB-XL (all/sub/super) rows","COMPLETED"
"Table 3","ptbxl_sub","MERL","Finetuning","NOT_REPORTED / NA","0.937","","-0.002582316668423","Benchmarking ECG FMs: A Reality Check Across Clinical Tasks; project_notes/source_materials/arxiv_source/main.tex; Table 3 (Finetuning evaluation), PTB-XL (all/sub/super) rows","COMPLETED"
"Table 3","ptbxl_sub","ECGFM-KED","Finetuning","NOT_REPORTED / NA","0.908","","-0.0023623862916744","Benchmarking ECG FMs: A Reality Check Across Clinical Tasks; project_notes/source_materials/arxiv_source/main.tex; Table 3 (Finetuning evaluation), PTB-XL (all/sub/super) rows","COMPLETED"
"Table 3","ptbxl_sub","HuBERT-ECG","Finetuning","NOT_REPORTED / NA","0.918","","0.0077220848297101","Benchmarking ECG FMs: A Reality Check Across Clinical Tasks; project_notes/source_materials/arxiv_source/main.tex; Table 3 (Finetuning evaluation), PTB-XL (all/sub/super) rows","COMPLETED"
"Table 3","ptbxl_sub","ECG-CPC","Finetuning","NOT_REPORTED / NA","0.940","","-0.000644473840073","Benchmarking ECG FMs: A Reality Check Across Clinical Tasks; project_notes/source_materials/arxiv_source/main.tex; Table 3 (Finetuning evaluation), PTB-XL (all/sub/super) rows","COMPLETED"
"Table 3","ptbxl_sub","ECG-FM","Finetuning","NOT_REPORTED / NA","0.932","","-0.0081233730322689","Benchmarking ECG FMs: A Reality Check Across Clinical Tasks; project_notes/source_materials/arxiv_source/main.tex; Table 3 (Finetuning evaluation), PTB-XL (all/sub/super) rows","COMPLETED"
"Table 3","ptbxl_sub","S4","Finetuning","NOT_REPORTED / NA","0.938","","-0.001682620287908","Benchmarking ECG FMs: A Reality Check Across Clinical Tasks; project_notes/source_materials/arxiv_source/main.tex; Table 3 (Finetuning evaluation), PTB-XL (all/sub/super) rows","COMPLETED"
"Table 3","ptbxl_sub","Net1D","Finetuning","NOT_REPORTED / NA","0.926","","0.0049598620520987","Benchmarking ECG FMs: A Reality Check Across Clinical Tasks; project_notes/source_materials/arxiv_source/main.tex; Table 3 (Finetuning evaluation), PTB-XL (all/sub/super) rows","COMPLETED"
"Table 3","ptbxl_super","ECGFounder","Finetuning","NOT_REPORTED / NA","0.935","","-5.9255127374E-06","Benchmarking ECG FMs: A Reality Check Across Clinical Tasks; project_notes/source_materials/arxiv_source/main.tex; Table 3 (Finetuning evaluation), PTB-XL (all/sub/super) rows","COMPLETED"
"Table 3","ptbxl_super","ECG-JEPA","Finetuning","NOT_REPORTED / NA","0.921","","0.002856682590019","Benchmarking ECG FMs: A Reality Check Across Clinical Tasks; project_notes/source_materials/arxiv_source/main.tex; Table 3 (Finetuning evaluation), PTB-XL (all/sub/super) rows","COMPLETED"
"Table 3","ptbxl_super","ST-MEM","Finetuning","NOT_REPORTED / NA","0.901","","0.0266266102550871","Benchmarking ECG FMs: A Reality Check Across Clinical Tasks; project_notes/source_materials/arxiv_source/main.tex; Table 3 (Finetuning evaluation), PTB-XL (all/sub/super) rows","COMPLETED"
"Table 3","ptbxl_super","MERL","Finetuning","NOT_REPORTED / NA","0.930","","-0.0022508215796503","Benchmarking ECG FMs: A Reality Check Across Clinical Tasks; project_notes/source_materials/arxiv_source/main.tex; Table 3 (Finetuning evaluation), PTB-XL (all/sub/super) rows","COMPLETED"
"Table 3","ptbxl_super","ECGFM-KED","Finetuning","NOT_REPORTED / NA","0.905","","0.0077865059623268","Benchmarking ECG FMs: A Reality Check Across Clinical Tasks; project_notes/source_materials/arxiv_source/main.tex; Table 3 (Finetuning evaluation), PTB-XL (all/sub/super) rows","COMPLETED"
"Table 3","ptbxl_super","HuBERT-ECG","Finetuning","NOT_REPORTED / NA","0.908","","-0.0059362751775679","Benchmarking ECG FMs: A Reality Check Across Clinical Tasks; project_notes/source_materials/arxiv_source/main.tex; Table 3 (Finetuning evaluation), PTB-XL (all/sub/super) rows","COMPLETED"
"Table 3","ptbxl_super","ECG-CPC","Finetuning","NOT_REPORTED / NA","0.934","","-0.0011514833127569","Benchmarking ECG FMs: A Reality Check Across Clinical Tasks; project_notes/source_materials/arxiv_source/main.tex; Table 3 (Finetuning evaluation), PTB-XL (all/sub/super) rows","COMPLETED"
"Table 3","ptbxl_super","ECG-FM","Finetuning","NOT_REPORTED / NA","0.916","","0.0011173212492894","Benchmarking ECG FMs: A Reality Check Across Clinical Tasks; project_notes/source_materials/arxiv_source/main.tex; Table 3 (Finetuning evaluation), PTB-XL (all/sub/super) rows","COMPLETED"
"Table 3","ptbxl_super","S4","Finetuning","NOT_REPORTED / NA","0.932","","0.0019611755567642","Benchmarking ECG FMs: A Reality Check Across Clinical Tasks; project_notes/source_materials/arxiv_source/main.tex; Table 3 (Finetuning evaluation), PTB-XL (all/sub/super) rows","COMPLETED"
"Table 3","ptbxl_super","Net1D","Finetuning","NOT_REPORTED / NA","0.924","","0.0035591309568997","Benchmarking ECG FMs: A Reality Check Across Clinical Tasks; project_notes/source_materials/arxiv_source/main.tex; Table 3 (Finetuning evaluation), PTB-XL (all/sub/super) rows","COMPLETED"
"Table 4","ptbxl_all","ECGFounder","Frozen","0.927","0.927","","0.00053666639328","Benchmarking ECG FMs: A Reality Check Across Clinical Tasks; project_notes/source_materials/arxiv_source/main.tex; Table 4 (Frozen evaluation), PTB-XL (all/sub/super) rows","COMPLETED"
"Table 4","ptbxl_all","ECG-JEPA","Frozen","0.934","0.934","","-0.0050355018589561","Benchmarking ECG FMs: A Reality Check Across Clinical Tasks; project_notes/source_materials/arxiv_source/main.tex; Table 4 (Frozen evaluation), PTB-XL (all/sub/super) rows","COMPLETED"
"Table 4","ptbxl_all","ST-MEM","Frozen","0.910","0.910","","0.0047763388211488","Benchmarking ECG FMs: A Reality Check Across Clinical Tasks; project_notes/source_materials/arxiv_source/main.tex; Table 4 (Frozen evaluation), PTB-XL (all/sub/super) rows","COMPLETED"
"Table 4","ptbxl_all","MERL","Frozen","0.909","0.909","","0.0023014381097846","Benchmarking ECG FMs: A Reality Check Across Clinical Tasks; project_notes/source_materials/arxiv_source/main.tex; Table 4 (Frozen evaluation), PTB-XL (all/sub/super) rows","COMPLETED"
"Table 4","ptbxl_all","ECGFM-KED","Frozen","0.810","0.810","","0.002137109350008","Benchmarking ECG FMs: A Reality Check Across Clinical Tasks; project_notes/source_materials/arxiv_source/main.tex; Table 4 (Frozen evaluation), PTB-XL (all/sub/super) rows","COMPLETED"
"Table 4","ptbxl_all","HuBERT-ECG","Frozen","0.883","0.883","","0.0006542745917262","Benchmarking ECG FMs: A Reality Check Across Clinical Tasks; project_notes/source_materials/arxiv_source/main.tex; Table 4 (Frozen evaluation), PTB-XL (all/sub/super) rows","COMPLETED"
"Table 4","ptbxl_all","ECG-CPC","Frozen","0.931","0.931","","0.0022918051170961","Benchmarking ECG FMs: A Reality Check Across Clinical Tasks; project_notes/source_materials/arxiv_source/main.tex; Table 4 (Frozen evaluation), PTB-XL (all/sub/super) rows","COMPLETED"
"Table 4","ptbxl_all","ECG-FM","Frozen","0.884","0.884","","0.0001570476302272","Benchmarking ECG FMs: A Reality Check Across Clinical Tasks; project_notes/source_materials/arxiv_source/main.tex; Table 4 (Frozen evaluation), PTB-XL (all/sub/super) rows","COMPLETED"
"Table 4","ptbxl_sub","ECGFounder","Frozen","0.939","0.939","","-0.0007926233674027","Benchmarking ECG FMs: A Reality Check Across Clinical Tasks; project_notes/source_materials/arxiv_source/main.tex; Table 4 (Frozen evaluation), PTB-XL (all/sub/super) rows","COMPLETED"
"Table 4","ptbxl_sub","ECG-JEPA","Frozen","0.934","0.934","","0.0007207171608186","Benchmarking ECG FMs: A Reality Check Across Clinical Tasks; project_notes/source_materials/arxiv_source/main.tex; Table 4 (Frozen evaluation), PTB-XL (all/sub/super) rows","COMPLETED"
"Table 4","ptbxl_sub","ST-MEM","Frozen","0.931","0.931","","-0.0097226963942148","Benchmarking ECG FMs: A Reality Check Across Clinical Tasks; project_notes/source_materials/arxiv_source/main.tex; Table 4 (Frozen evaluation), PTB-XL (all/sub/super) rows","COMPLETED"
"Table 4","ptbxl_sub","MERL","Frozen","0.917","0.917","","-0.0043882918083713","Benchmarking ECG FMs: A Reality Check Across Clinical Tasks; project_notes/source_materials/arxiv_source/main.tex; Table 4 (Frozen evaluation), PTB-XL (all/sub/super) rows","COMPLETED"
"Table 4","ptbxl_sub","ECGFM-KED","Frozen","0.816","0.816","","0.0973209110207481","Benchmarking ECG FMs: A Reality Check Across Clinical Tasks; project_notes/source_materials/arxiv_source/main.tex; Table 4 (Frozen evaluation), PTB-XL (all/sub/super) rows","COMPLETED"
"Table 4","ptbxl_sub","HuBERT-ECG","Frozen","0.903","0.903","","-0.0010134533789111","Benchmarking ECG FMs: A Reality Check Across Clinical Tasks; project_notes/source_materials/arxiv_source/main.tex; Table 4 (Frozen evaluation), PTB-XL (all/sub/super) rows","COMPLETED"
"Table 4","ptbxl_sub","ECG-CPC","Frozen","0.934","0.934","","0.0015913948850507","Benchmarking ECG FMs: A Reality Check Across Clinical Tasks; project_notes/source_materials/arxiv_source/main.tex; Table 4 (Frozen evaluation), PTB-XL (all/sub/super) rows","COMPLETED"
"Table 4","ptbxl_sub","ECG-FM","Frozen","0.912","0.912","","-0.0052018149099905","Benchmarking ECG FMs: A Reality Check Across Clinical Tasks; project_notes/source_materials/arxiv_source/main.tex; Table 4 (Frozen evaluation), PTB-XL (all/sub/super) rows","COMPLETED"
"Table 4","ptbxl_super","ECGFounder","Frozen","0.928","0.928","","-5.84229466208E-05","Benchmarking ECG FMs: A Reality Check Across Clinical Tasks; project_notes/source_materials/arxiv_source/main.tex; Table 4 (Frozen evaluation), PTB-XL (all/sub/super) rows","COMPLETED"
"Table 4","ptbxl_super","ECG-JEPA","Frozen","0.917","0.917","","0.001862323024819","Benchmarking ECG FMs: A Reality Check Across Clinical Tasks; project_notes/source_materials/arxiv_source/main.tex; Table 4 (Frozen evaluation), PTB-XL (all/sub/super) rows","COMPLETED"
"Table 4","ptbxl_super","ST-MEM","Frozen","0.923","0.923","","-0.0046137408658874","Benchmarking ECG FMs: A Reality Check Across Clinical Tasks; project_notes/source_materials/arxiv_source/main.tex; Table 4 (Frozen evaluation), PTB-XL (all/sub/super) rows","COMPLETED"
"Table 4","ptbxl_super","MERL","Frozen","0.915","0.915","","-0.0014404552878357","Benchmarking ECG FMs: A Reality Check Across Clinical Tasks; project_notes/source_materials/arxiv_source/main.tex; Table 4 (Frozen evaluation), PTB-XL (all/sub/super) rows","COMPLETED"
"Table 4","ptbxl_super","ECGFM-KED","Frozen","0.865","0.865","","0.0436709460592648","Benchmarking ECG FMs: A Reality Check Across Clinical Tasks; project_notes/source_materials/arxiv_source/main.tex; Table 4 (Frozen evaluation), PTB-XL (all/sub/super) rows","COMPLETED"
"Table 4","ptbxl_super","HuBERT-ECG","Frozen","0.892","0.892","","-0.0010653336617751","Benchmarking ECG FMs: A Reality Check Across Clinical Tasks; project_notes/source_materials/arxiv_source/main.tex; Table 4 (Frozen evaluation), PTB-XL (all/sub/super) rows","COMPLETED"
"Table 4","ptbxl_super","ECG-CPC","Frozen","0.919","0.919","","-0.0008863467052866","Benchmarking ECG FMs: A Reality Check Across Clinical Tasks; project_notes/source_materials/arxiv_source/main.tex; Table 4 (Frozen evaluation), PTB-XL (all/sub/super) rows","COMPLETED"
"Table 4","ptbxl_super","ECG-FM","Frozen","0.877","0.877","","0.0053790082234277","Benchmarking ECG FMs: A Reality Check Across Clinical Tasks; project_notes/source_materials/arxiv_source/main.tex; Table 4 (Frozen evaluation), PTB-XL (all/sub/super) rows","COMPLETED"
"Table 5","ptbxl_all","ECGFounder","Linear","0.931","0.931","","-0.000141685962677","Benchmarking ECG FMs: A Reality Check Across Clinical Tasks; project_notes/source_materials/arxiv_source/main.tex; Table 5 (Linear evaluation), PTB-XL (all/sub/super) rows","COMPLETED"
"Table 5","ptbxl_all","ECG-JEPA","Linear","0.928","0.928","","0.000294591305743","Benchmarking ECG FMs: A Reality Check Across Clinical Tasks; project_notes/source_materials/arxiv_source/main.tex; Table 5 (Linear evaluation), PTB-XL (all/sub/super) rows","COMPLETED"
"Table 5","ptbxl_all","ST-MEM","Linear","0.908","0.908","","0.0009388437415884","Benchmarking ECG FMs: A Reality Check Across Clinical Tasks; project_notes/source_materials/arxiv_source/main.tex; Table 5 (Linear evaluation), PTB-XL (all/sub/super) rows","COMPLETED"
"Table 5","ptbxl_all","MERL","Linear","0.883","0.883","","0.0030215708330912","Benchmarking ECG FMs: A Reality Check Across Clinical Tasks; project_notes/source_materials/arxiv_source/main.tex; Table 5 (Linear evaluation), PTB-XL (all/sub/super) rows","COMPLETED"
"Table 5","ptbxl_all","ECGFM-KED","Linear","0.706","0.706","","-0.017368343510284","Benchmarking ECG FMs: A Reality Check Across Clinical Tasks; project_notes/source_materials/arxiv_source/main.tex; Table 5 (Linear evaluation), PTB-XL (all/sub/super) rows","COMPLETED"
"Table 5","ptbxl_all","HuBERT-ECG","Linear","0.867","0.867","","-0.0018020635665137","Benchmarking ECG FMs: A Reality Check Across Clinical Tasks; project_notes/source_materials/arxiv_source/main.tex; Table 5 (Linear evaluation), PTB-XL (all/sub/super) rows","COMPLETED"
"Table 5","ptbxl_all","ECG-CPC","Linear","0.904","0.904","","-0.0304409826966468","Benchmarking ECG FMs: A Reality Check Across Clinical Tasks; project_notes/source_materials/arxiv_source/main.tex; Table 5 (Linear evaluation), PTB-XL (all/sub/super) rows","COMPLETED"
"Table 5","ptbxl_all","ECG-FM","Linear","0.841","0.841","","0.0114638303812679","Benchmarking ECG FMs: A Reality Check Across Clinical Tasks; project_notes/source_materials/arxiv_source/main.tex; Table 5 (Linear evaluation), PTB-XL (all/sub/super) rows","COMPLETED"
"Table 5","ptbxl_sub","ECGFounder","Linear","0.945","0.945","","-0.0012910283570711","Benchmarking ECG FMs: A Reality Check Across Clinical Tasks; project_notes/source_materials/arxiv_source/main.tex; Table 5 (Linear evaluation), PTB-XL (all/sub/super) rows","COMPLETED"
"Table 5","ptbxl_sub","ECG-JEPA","Linear","0.916","0.916","","-0.0013805060243039","Benchmarking ECG FMs: A Reality Check Across Clinical Tasks; project_notes/source_materials/arxiv_source/main.tex; Table 5 (Linear evaluation), PTB-XL (all/sub/super) rows","COMPLETED"
"Table 5","ptbxl_sub","ST-MEM","Linear","0.916","0.916","","-0.0011663608744329","Benchmarking ECG FMs: A Reality Check Across Clinical Tasks; project_notes/source_materials/arxiv_source/main.tex; Table 5 (Linear evaluation), PTB-XL (all/sub/super) rows","COMPLETED"
"Table 5","ptbxl_sub","MERL","Linear","0.895","0.895","","-0.0025909857988446","Benchmarking ECG FMs: A Reality Check Across Clinical Tasks; project_notes/source_materials/arxiv_source/main.tex; Table 5 (Linear evaluation), PTB-XL (all/sub/super) rows","COMPLETED"
"Table 5","ptbxl_sub","ECGFM-KED","Linear","0.734","0.734","","0.1334198274876407","Benchmarking ECG FMs: A Reality Check Across Clinical Tasks; project_notes/source_materials/arxiv_source/main.tex; Table 5 (Linear evaluation), PTB-XL (all/sub/super) rows","COMPLETED"
"Table 5","ptbxl_sub","HuBERT-ECG","Linear","0.898","0.898","","-0.0021855098733733","Benchmarking ECG FMs: A Reality Check Across Clinical Tasks; project_notes/source_materials/arxiv_source/main.tex; Table 5 (Linear evaluation), PTB-XL (all/sub/super) rows","COMPLETED"
"Table 5","ptbxl_sub","ECG-CPC","Linear","0.886","0.886","","0.0001611568482203","Benchmarking ECG FMs: A Reality Check Across Clinical Tasks; project_notes/source_materials/arxiv_source/main.tex; Table 5 (Linear evaluation), PTB-XL (all/sub/super) rows","COMPLETED"
"Table 5","ptbxl_sub","ECG-FM","Linear","0.866","0.866","","0.0129245176521392","Benchmarking ECG FMs: A Reality Check Across Clinical Tasks; project_notes/source_materials/arxiv_source/main.tex; Table 5 (Linear evaluation), PTB-XL (all/sub/super) rows","COMPLETED"
"Table 5","ptbxl_super","ECGFounder","Linear","0.924","0.924","","0.0005959899745847","Benchmarking ECG FMs: A Reality Check Across Clinical Tasks; project_notes/source_materials/arxiv_source/main.tex; Table 5 (Linear evaluation), PTB-XL (all/sub/super) rows","COMPLETED"
"Table 5","ptbxl_super","ECG-JEPA","Linear","0.911","0.911","","-0.000146682362091","Benchmarking ECG FMs: A Reality Check Across Clinical Tasks; project_notes/source_materials/arxiv_source/main.tex; Table 5 (Linear evaluation), PTB-XL (all/sub/super) rows","COMPLETED"
"Table 5","ptbxl_super","ST-MEM","Linear","0.896","0.896","","-0.0004523936619811","Benchmarking ECG FMs: A Reality Check Across Clinical Tasks; project_notes/source_materials/arxiv_source/main.tex; Table 5 (Linear evaluation), PTB-XL (all/sub/super) rows","COMPLETED"
"Table 5","ptbxl_super","MERL","Linear","0.887","0.887","","0.0004407345608608","Benchmarking ECG FMs: A Reality Check Across Clinical Tasks; project_notes/source_materials/arxiv_source/main.tex; Table 5 (Linear evaluation), PTB-XL (all/sub/super) rows","COMPLETED"
"Table 5","ptbxl_super","ECGFM-KED","Linear","0.802","0.802","","0.0751093010374056","Benchmarking ECG FMs: A Reality Check Across Clinical Tasks; project_notes/source_materials/arxiv_source/main.tex; Table 5 (Linear evaluation), PTB-XL (all/sub/super) rows","COMPLETED"
"Table 5","ptbxl_super","HuBERT-ECG","Linear","0.877","0.877","","-0.0004137141965016","Benchmarking ECG FMs: A Reality Check Across Clinical Tasks; project_notes/source_materials/arxiv_source/main.tex; Table 5 (Linear evaluation), PTB-XL (all/sub/super) rows","COMPLETED"
"Table 5","ptbxl_super","ECG-CPC","Linear","0.863","0.863","","-0.0005186256128323","Benchmarking ECG FMs: A Reality Check Across Clinical Tasks; project_notes/source_materials/arxiv_source/main.tex; Table 5 (Linear evaluation), PTB-XL (all/sub/super) rows","COMPLETED"
"Table 5","ptbxl_super","ECG-FM","Linear","0.873","0.873","","0.0033569197393005","Benchmarking ECG FMs: A Reality Check Across Clinical Tasks; project_notes/source_materials/arxiv_source/main.tex; Table 5 (Linear evaluation), PTB-XL (all/sub/super) rows","COMPLETED"
