canonical_experiment_key,model,granularity,mode,previous_placeholder_identity,resolved_formal_run_id,recovered_bundle_path,formal_execution_metadata_path,completion_validation_path,final_auroc,completion_validation_auroc,auroc_representation_abs_difference,prediction_artifact_status,mapping_status,bootstrap_status,resolution_basis,scientific_result_changed,historical_evidence_modified,confidence
ECG-CPC|sub|Finetuning,ECG-CPC,sub,Finetuning,HUMAN_AUTHORITY_CONFIRMED__SUB_ECG_CPC_FINETUNING__CANONICAL_RUN_ID_PENDING_LOCAL_RECOVERY,PTBXL_SUB_ECG_CPC_FINETUNING_FORMAL_052_01,D:\桌面文件\ECG\execution_control\PTBXL_FINAL_CLOSURE\PARALLEL_451_RESIDUAL_SPECIAL_BUNDLE\PTBXL_SUB_ECG_CPC_FINETUNING_FORMAL_052_01,D:\桌面文件\ECG\execution_control\PTBXL_FINAL_CLOSURE\PARALLEL_451_RESIDUAL_SPECIAL_BUNDLE\PTBXL_SUB_ECG_CPC_FINETUNING_FORMAL_052_01\formal_execution_metadata.json,D:\桌面文件\ECG\execution_control\PTBXL_FINAL_CLOSURE\PARALLEL_451_RESIDUAL_SPECIAL_BUNDLE\PTBXL_SUB_ECG_CPC_FINETUNING_FORMAL_052_01\completion_validation.json,0.939355526159927,0.9393555521965027,2.603657567324e-8,AGG_AND_NOAGG_PRESENT,PASS,COMPLETE,"Unique agreement across recovered bundle directory, formal_execution_metadata identity, PASS completion validation, finalized table AUROC within 1e-7 representation tolerance, strict mapping PASS, finalized Bootstrap row, and 052→451 recovery/hash record.",false,false,HIGH
ECG-CPC|sub|Frozen,ECG-CPC,sub,Frozen,HUMAN_AUTHORITY_CONFIRMED__SUB_ECG_CPC_FROZEN__CANONICAL_RUN_ID_PENDING_LOCAL_RECOVERY,PTBXL_SUB_ECG_CPC_FROZEN_FORMAL_052_02,D:\桌面文件\ECG\execution_control\PTBXL_FINAL_CLOSURE\PARALLEL_451_RESIDUAL_SPECIAL_BUNDLE\PTBXL_SUB_ECG_CPC_FROZEN_FORMAL_052_02,D:\桌面文件\ECG\execution_control\PTBXL_FINAL_CLOSURE\PARALLEL_451_RESIDUAL_SPECIAL_BUNDLE\PTBXL_SUB_ECG_CPC_FROZEN_FORMAL_052_02\formal_execution_metadata.json,D:\桌面文件\ECG\execution_control\PTBXL_FINAL_CLOSURE\PARALLEL_451_RESIDUAL_SPECIAL_BUNDLE\PTBXL_SUB_ECG_CPC_FROZEN_FORMAL_052_02\completion_validation.json,0.9355913948850507,0.9355913996696472,4.784596496776e-9,AGG_AND_NOAGG_PRESENT,PASS,COMPLETE,"Unique agreement across recovered bundle directory, formal_execution_metadata identity, PASS completion validation, finalized table AUROC within 1e-7 representation tolerance, strict mapping PASS, finalized Bootstrap row, and 052→451 recovery/hash record.",false,false,HIGH
ECG-CPC|sub|Linear,ECG-CPC,sub,Linear,HUMAN_AUTHORITY_CONFIRMED__SUB_ECG_CPC_LINEAR__CANONICAL_RUN_ID_PENDING_LOCAL_RECOVERY,PTBXL_SUB_ECG_CPC_LINEAR_FORMAL_052_03,D:\桌面文件\ECG\execution_control\PTBXL_FINAL_CLOSURE\PARALLEL_451_RESIDUAL_SPECIAL_BUNDLE\PTBXL_SUB_ECG_CPC_LINEAR_FORMAL_052_03,D:\桌面文件\ECG\execution_control\PTBXL_FINAL_CLOSURE\PARALLEL_451_RESIDUAL_SPECIAL_BUNDLE\PTBXL_SUB_ECG_CPC_LINEAR_FORMAL_052_03\formal_execution_metadata.json,D:\桌面文件\ECG\execution_control\PTBXL_FINAL_CLOSURE\PARALLEL_451_RESIDUAL_SPECIAL_BUNDLE\PTBXL_SUB_ECG_CPC_LINEAR_FORMAL_052_03\completion_validation.json,0.8861611568482203,0.8861611485481262,8.300094056501e-9,AGG_AND_NOAGG_PRESENT,PASS,COMPLETE,"Unique agreement across recovered bundle directory, formal_execution_metadata identity, PASS completion validation, finalized table AUROC within 1e-7 representation tolerance, strict mapping PASS, finalized Bootstrap row, and 052→451 recovery/hash record.",false,false,HIGH
ECG-FM|sub|Finetuning,ECG-FM,sub,Finetuning,HUMAN_AUTHORITY_CONFIRMED__SUB_ECG_FM_FINETUNING__CANONICAL_RUN_ID_PENDING_LOCAL_RECOVERY,PTBXL_SUB_ECG_FM_FINETUNING_FORMAL_052_07,D:\桌面文件\ECG\execution_control\PTBXL_FINAL_CLOSURE\PARALLEL_451_RESIDUAL_SPECIAL_BUNDLE\PTBXL_SUB_ECG_FM_FINETUNING_FORMAL_052_07,D:\桌面文件\ECG\execution_control\PTBXL_FINAL_CLOSURE\PARALLEL_451_RESIDUAL_SPECIAL_BUNDLE\PTBXL_SUB_ECG_FM_FINETUNING_FORMAL_052_07\formal_execution_metadata.json,D:\桌面文件\ECG\execution_control\PTBXL_FINAL_CLOSURE\PARALLEL_451_RESIDUAL_SPECIAL_BUNDLE\PTBXL_SUB_ECG_FM_FINETUNING_FORMAL_052_07\completion_validation.json,0.9238766269677311,0.9238766431808472,1.621311607192e-8,AGG_AND_NOAGG_PRESENT,PASS,COMPLETE,"Unique agreement across recovered bundle directory, formal_execution_metadata identity, PASS completion validation, finalized table AUROC within 1e-7 representation tolerance, strict mapping PASS, finalized Bootstrap row, and 052→451 recovery/hash record.",false,false,HIGH
ECG-FM|sub|Frozen,ECG-FM,sub,Frozen,HUMAN_AUTHORITY_CONFIRMED__SUB_ECG_FM_FROZEN__CANONICAL_RUN_ID_PENDING_LOCAL_RECOVERY,PTBXL_SUB_ECG_FM_FROZEN_FORMAL_052_08,D:\桌面文件\ECG\execution_control\PTBXL_FINAL_CLOSURE\PARALLEL_451_RESIDUAL_SPECIAL_BUNDLE\PTBXL_SUB_ECG_FM_FROZEN_FORMAL_052_08,D:\桌面文件\ECG\execution_control\PTBXL_FINAL_CLOSURE\PARALLEL_451_RESIDUAL_SPECIAL_BUNDLE\PTBXL_SUB_ECG_FM_FROZEN_FORMAL_052_08\formal_execution_metadata.json,D:\桌面文件\ECG\execution_control\PTBXL_FINAL_CLOSURE\PARALLEL_451_RESIDUAL_SPECIAL_BUNDLE\PTBXL_SUB_ECG_FM_FROZEN_FORMAL_052_08\completion_validation.json,0.9067981850900095,0.9067981839179993,1.172010266615e-9,AGG_AND_NOAGG_PRESENT,PASS,COMPLETE,"Unique agreement across recovered bundle directory, formal_execution_metadata identity, PASS completion validation, finalized table AUROC within 1e-7 representation tolerance, strict mapping PASS, finalized Bootstrap row, and 052→451 recovery/hash record.",false,false,HIGH
ECG-FM|sub|Linear,ECG-FM,sub,Linear,HUMAN_AUTHORITY_CONFIRMED__SUB_ECG_FM_LINEAR__CANONICAL_RUN_ID_PENDING_LOCAL_RECOVERY,PTBXL_SUB_ECG_FM_LINEAR_FORMAL_052_09,D:\桌面文件\ECG\execution_control\PTBXL_FINAL_CLOSURE\PARALLEL_451_RESIDUAL_SPECIAL_BUNDLE\PTBXL_SUB_ECG_FM_LINEAR_FORMAL_052_09,D:\桌面文件\ECG\execution_control\PTBXL_FINAL_CLOSURE\PARALLEL_451_RESIDUAL_SPECIAL_BUNDLE\PTBXL_SUB_ECG_FM_LINEAR_FORMAL_052_09\formal_execution_metadata.json,D:\桌面文件\ECG\execution_control\PTBXL_FINAL_CLOSURE\PARALLEL_451_RESIDUAL_SPECIAL_BUNDLE\PTBXL_SUB_ECG_FM_LINEAR_FORMAL_052_09\completion_validation.json,0.8789245176521392,0.8789244890213013,2.863083792271e-8,AGG_AND_NOAGG_PRESENT,PASS,COMPLETE,"Unique agreement across recovered bundle directory, formal_execution_metadata identity, PASS completion validation, finalized table AUROC within 1e-7 representation tolerance, strict mapping PASS, finalized Bootstrap row, and 052→451 recovery/hash record.",false,false,HIGH
ECG-CPC|super|Finetuning,ECG-CPC,super,Finetuning,HUMAN_AUTHORITY_CONFIRMED__SUPER_ECG_CPC_FINETUNING__CANONICAL_RUN_ID_PENDING_LOCAL_RECOVERY,PTBXL_SUPER_ECG_CPC_FINETUNING_FORMAL_052_04,D:\桌面文件\ECG\execution_control\PTBXL_FINAL_CLOSURE\PARALLEL_451_RESIDUAL_SPECIAL_BUNDLE\PTBXL_SUPER_ECG_CPC_FINETUNING_FORMAL_052_04,D:\桌面文件\ECG\execution_control\PTBXL_FINAL_CLOSURE\PARALLEL_451_RESIDUAL_SPECIAL_BUNDLE\PTBXL_SUPER_ECG_CPC_FINETUNING_FORMAL_052_04\formal_execution_metadata.json,D:\桌面文件\ECG\execution_control\PTBXL_FINAL_CLOSURE\PARALLEL_451_RESIDUAL_SPECIAL_BUNDLE\PTBXL_SUPER_ECG_CPC_FINETUNING_FORMAL_052_04\completion_validation.json,0.9328485166872431,0.9328485131263733,3.560869821229e-9,AGG_AND_NOAGG_PRESENT,PASS,COMPLETE,"Unique agreement across recovered bundle directory, formal_execution_metadata identity, PASS completion validation, finalized table AUROC within 1e-7 representation tolerance, strict mapping PASS, finalized Bootstrap row, and 052→451 recovery/hash record.",false,false,HIGH
ECG-CPC|super|Frozen,ECG-CPC,super,Frozen,HUMAN_AUTHORITY_CONFIRMED__SUPER_ECG_CPC_FROZEN__CANONICAL_RUN_ID_PENDING_LOCAL_RECOVERY,PTBXL_SUPER_ECG_CPC_FROZEN_FORMAL_052_05,D:\桌面文件\ECG\execution_control\PTBXL_FINAL_CLOSURE\PARALLEL_451_RESIDUAL_SPECIAL_BUNDLE\PTBXL_SUPER_ECG_CPC_FROZEN_FORMAL_052_05,D:\桌面文件\ECG\execution_control\PTBXL_FINAL_CLOSURE\PARALLEL_451_RESIDUAL_SPECIAL_BUNDLE\PTBXL_SUPER_ECG_CPC_FROZEN_FORMAL_052_05\formal_execution_metadata.json,D:\桌面文件\ECG\execution_control\PTBXL_FINAL_CLOSURE\PARALLEL_451_RESIDUAL_SPECIAL_BUNDLE\PTBXL_SUPER_ECG_CPC_FROZEN_FORMAL_052_05\completion_validation.json,0.9181136532947134,0.918113648891449,4.403264419750e-9,AGG_AND_NOAGG_PRESENT,PASS,COMPLETE,"Unique agreement across recovered bundle directory, formal_execution_metadata identity, PASS completion validation, finalized table AUROC within 1e-7 representation tolerance, strict mapping PASS, finalized Bootstrap row, and 052→451 recovery/hash record.",false,false,HIGH
ECG-CPC|super|Linear,ECG-CPC,super,Linear,HUMAN_AUTHORITY_CONFIRMED__SUPER_ECG_CPC_LINEAR__CANONICAL_RUN_ID_PENDING_LOCAL_RECOVERY,PTBXL_SUPER_ECG_CPC_LINEAR_FORMAL_052_06,D:\桌面文件\ECG\execution_control\PTBXL_FINAL_CLOSURE\PARALLEL_451_RESIDUAL_SPECIAL_BUNDLE\PTBXL_SUPER_ECG_CPC_LINEAR_FORMAL_052_06,D:\桌面文件\ECG\execution_control\PTBXL_FINAL_CLOSURE\PARALLEL_451_RESIDUAL_SPECIAL_BUNDLE\PTBXL_SUPER_ECG_CPC_LINEAR_FORMAL_052_06\formal_execution_metadata.json,D:\桌面文件\ECG\execution_control\PTBXL_FINAL_CLOSURE\PARALLEL_451_RESIDUAL_SPECIAL_BUNDLE\PTBXL_SUPER_ECG_CPC_LINEAR_FORMAL_052_06\completion_validation.json,0.8624813743871677,0.8624813556671143,1.872005339631e-8,AGG_AND_NOAGG_PRESENT,PASS,COMPLETE,"Unique agreement across recovered bundle directory, formal_execution_metadata identity, PASS completion validation, finalized table AUROC within 1e-7 representation tolerance, strict mapping PASS, finalized Bootstrap row, and 052→451 recovery/hash record.",false,false,HIGH
