canonical_run,artifact_type,remote_path,local_path,file_size,remote_sha256,local_sha256,hash_match
PTBXL_SUB_10_MERL_FINETUNING_FORMAL_SUB1,aggregate_prediction,/root/autodl-tmp/ECG/formal_runs/PTBXL_SUB/PTBXL_SUB_10_MERL_FINETUNING_FORMAL_SUB1/predictions/ptbxl_sub_version_0/agg/test_0_epoch_100_agg.npz,execution_control/PTBXL_FINAL_CLOSURE/PARALLEL_WORKER_EVIDENCE_BUNDLE/PTBXL_SUB_10_MERL_FINETUNING_FORMAL_SUB1/test_0_epoch_100_agg.npz,406264,ede2d0b4400724c158ab3161be1c5ff7ec8c20841af77cb7a6a93861d803128c,ede2d0b4400724c158ab3161be1c5ff7ec8c20841af77cb7a6a93861d803128c,PASS
PTBXL_SUB_10_MERL_FINETUNING_FORMAL_SUB1,raw_noagg_prediction_and_target,/root/autodl-tmp/ECG/formal_runs/PTBXL_SUB/PTBXL_SUB_10_MERL_FINETUNING_FORMAL_SUB1/predictions/ptbxl_sub_version_0/noagg/test_0_epoch_100_noagg.npz,execution_control/PTBXL_FINAL_CLOSURE/PARALLEL_WORKER_EVIDENCE_BUNDLE/PTBXL_SUB_10_MERL_FINETUNING_FORMAL_SUB1/test_0_epoch_100_noagg.npz,1619560,28adc32cdd8f30428aac50605bbead771ac991d6de8980af77247fc8e50beafe,28adc32cdd8f30428aac50605bbead771ac991d6de8980af77247fc8e50beafe,PASS
PTBXL_SUB_10_MERL_FINETUNING_FORMAL_SUB1,formal_command_manifest,/root/autodl-tmp/ECG/formal_runs/PTBXL_SUB/PTBXL_SUB_10_MERL_FINETUNING_FORMAL_SUB1/exact_formal_command.sh,execution_control/PTBXL_FINAL_CLOSURE/PARALLEL_WORKER_EVIDENCE_BUNDLE/PTBXL_SUB_10_MERL_FINETUNING_FORMAL_SUB1/exact_formal_command.sh,1060,ffa41bc57139d82fb87b181aa5899e907cda65f2a6e50e56cd32dc229a588e10,ffa41bc57139d82fb87b181aa5899e907cda65f2a6e50e56cd32dc229a588e10,PASS
PTBXL_SUB_10_MERL_FINETUNING_FORMAL_SUB1,mapping_validation_sidecar,/root/autodl-tmp/ECG/formal_runs/PTBXL_SUB/PTBXL_SUB_10_MERL_FINETUNING_FORMAL_SUB1/post_run_validation.json,execution_control/PTBXL_FINAL_CLOSURE/PARALLEL_WORKER_EVIDENCE_BUNDLE/PTBXL_SUB_10_MERL_FINETUNING_FORMAL_SUB1/post_run_validation.json,669,6d6e1d0443cded8a536da6a3efb479ae1ee4fdcd4f1484cc1f05c518a390daba,6d6e1d0443cded8a536da6a3efb479ae1ee4fdcd4f1484cc1f05c518a390daba,PASS
PTBXL_SUB_11_MERL_FROZEN_FORMAL_SUB1,aggregate_prediction,/root/autodl-tmp/ECG/formal_runs/PTBXL_SUB/PTBXL_SUB_11_MERL_FROZEN_FORMAL_SUB1/predictions/ptbxl_sub_version_0/agg/test_0_epoch_100_agg.npz,execution_control/PTBXL_FINAL_CLOSURE/PARALLEL_WORKER_EVIDENCE_BUNDLE/PTBXL_SUB_11_MERL_FROZEN_FORMAL_SUB1/test_0_epoch_100_agg.npz,406264,5f3bb97bf9d89702d2b20a8b7f1d79662c5a5fde027dfec9fa7b55cf03ead8db,5f3bb97bf9d89702d2b20a8b7f1d79662c5a5fde027dfec9fa7b55cf03ead8db,PASS
PTBXL_SUB_11_MERL_FROZEN_FORMAL_SUB1,raw_noagg_prediction_and_target,/root/autodl-tmp/ECG/formal_runs/PTBXL_SUB/PTBXL_SUB_11_MERL_FROZEN_FORMAL_SUB1/predictions/ptbxl_sub_version_0/noagg/test_0_epoch_100_noagg.npz,execution_control/PTBXL_FINAL_CLOSURE/PARALLEL_WORKER_EVIDENCE_BUNDLE/PTBXL_SUB_11_MERL_FROZEN_FORMAL_SUB1/test_0_epoch_100_noagg.npz,1619560,92ec7b4526b78c026011b89c54f14a51ca970ea0b8d6a3fc5a0e990e788786f2,92ec7b4526b78c026011b89c54f14a51ca970ea0b8d6a3fc5a0e990e788786f2,PASS
PTBXL_SUB_11_MERL_FROZEN_FORMAL_SUB1,formal_command_manifest,/root/autodl-tmp/ECG/formal_runs/PTBXL_SUB/PTBXL_SUB_11_MERL_FROZEN_FORMAL_SUB1/exact_formal_command.sh,execution_control/PTBXL_FINAL_CLOSURE/PARALLEL_WORKER_EVIDENCE_BUNDLE/PTBXL_SUB_11_MERL_FROZEN_FORMAL_SUB1/exact_formal_command.sh,1065,25c32aaf6135f750406c11471d7b431226becd3f8306a7a72f23ff95ed018999,25c32aaf6135f750406c11471d7b431226becd3f8306a7a72f23ff95ed018999,PASS
PTBXL_SUB_11_MERL_FROZEN_FORMAL_SUB1,mapping_validation_sidecar,/root/autodl-tmp/ECG/formal_runs/PTBXL_SUB/PTBXL_SUB_11_MERL_FROZEN_FORMAL_SUB1/post_run_validation.json,execution_control/PTBXL_FINAL_CLOSURE/PARALLEL_WORKER_EVIDENCE_BUNDLE/PTBXL_SUB_11_MERL_FROZEN_FORMAL_SUB1/post_run_validation.json,660,3d64974c78955c720e438256e1def7f644d38402fbbcbe2368c8572f6ea123be,3d64974c78955c720e438256e1def7f644d38402fbbcbe2368c8572f6ea123be,PASS
PTBXL_SUB_12_MERL_LINEAR_FORMAL_SUB1,aggregate_prediction,/root/autodl-tmp/ECG/formal_runs/PTBXL_SUB/PTBXL_SUB_12_MERL_LINEAR_FORMAL_SUB1/predictions/ptbxl_sub_version_0/agg/test_0_epoch_100_agg.npz,execution_control/PTBXL_FINAL_CLOSURE/PARALLEL_WORKER_EVIDENCE_BUNDLE/PTBXL_SUB_12_MERL_LINEAR_FORMAL_SUB1/test_0_epoch_100_agg.npz,406264,219e4d5f51e5c7193c87cf47114f79509ea724475cc63cad3664ca46bbacb51a,219e4d5f51e5c7193c87cf47114f79509ea724475cc63cad3664ca46bbacb51a,PASS
PTBXL_SUB_12_MERL_LINEAR_FORMAL_SUB1,raw_noagg_prediction_and_target,/root/autodl-tmp/ECG/formal_runs/PTBXL_SUB/PTBXL_SUB_12_MERL_LINEAR_FORMAL_SUB1/predictions/ptbxl_sub_version_0/noagg/test_0_epoch_100_noagg.npz,execution_control/PTBXL_FINAL_CLOSURE/PARALLEL_WORKER_EVIDENCE_BUNDLE/PTBXL_SUB_12_MERL_LINEAR_FORMAL_SUB1/test_0_epoch_100_noagg.npz,1619560,f96087fa91bb4ef498e8809547508abc746a5607276db903ea54248d775b5e5d,f96087fa91bb4ef498e8809547508abc746a5607276db903ea54248d775b5e5d,PASS
PTBXL_SUB_12_MERL_LINEAR_FORMAL_SUB1,formal_command_manifest,/root/autodl-tmp/ECG/formal_runs/PTBXL_SUB/PTBXL_SUB_12_MERL_LINEAR_FORMAL_SUB1/exact_formal_command.sh,execution_control/PTBXL_FINAL_CLOSURE/PARALLEL_WORKER_EVIDENCE_BUNDLE/PTBXL_SUB_12_MERL_LINEAR_FORMAL_SUB1/exact_formal_command.sh,1065,12a68e2e4a9c9430655fd7b655d394b44597bb5e53eff94a670b824747d19cf7,12a68e2e4a9c9430655fd7b655d394b44597bb5e53eff94a670b824747d19cf7,PASS
PTBXL_SUB_12_MERL_LINEAR_FORMAL_SUB1,mapping_validation_sidecar,/root/autodl-tmp/ECG/formal_runs/PTBXL_SUB/PTBXL_SUB_12_MERL_LINEAR_FORMAL_SUB1/post_run_validation.json,execution_control/PTBXL_FINAL_CLOSURE/PARALLEL_WORKER_EVIDENCE_BUNDLE/PTBXL_SUB_12_MERL_LINEAR_FORMAL_SUB1/post_run_validation.json,661,e2ea8c679c4ed7936fc40eabf7af1dc308b12be0d9cb18fc26e54cdfe2ccf120,e2ea8c679c4ed7936fc40eabf7af1dc308b12be0d9cb18fc26e54cdfe2ccf120,PASS
PTBXL_SUB_13_ECGFM_KED_FINETUNING_FORMAL_SUB2,aggregate_prediction,/root/autodl-tmp/ECG/formal_runs/PTBXL_SUB/PTBXL_SUB_13_ECGFM_KED_FINETUNING_FORMAL_SUB2/predictions/ptbxl_sub_version_0/agg/test_0_epoch_0_agg.npz,execution_control/PTBXL_FINAL_CLOSURE/PARALLEL_WORKER_EVIDENCE_BUNDLE/PTBXL_SUB_13_ECGFM_KED_FINETUNING_FORMAL_SUB2/test_0_epoch_0_agg.npz,406264,c3bc8c417c762f5745912710ccafd99995cf8bd5dfc0506ff4b3a2485f491e99,c3bc8c417c762f5745912710ccafd99995cf8bd5dfc0506ff4b3a2485f491e99,PASS
PTBXL_SUB_13_ECGFM_KED_FINETUNING_FORMAL_SUB2,raw_noagg_prediction_and_target,/root/autodl-tmp/ECG/formal_runs/PTBXL_SUB/PTBXL_SUB_13_ECGFM_KED_FINETUNING_FORMAL_SUB2/predictions/ptbxl_sub_version_0/noagg/test_0_epoch_0_noagg.npz,execution_control/PTBXL_FINAL_CLOSURE/PARALLEL_WORKER_EVIDENCE_BUNDLE/PTBXL_SUB_13_ECGFM_KED_FINETUNING_FORMAL_SUB2/test_0_epoch_0_noagg.npz,406264,c3bc8c417c762f5745912710ccafd99995cf8bd5dfc0506ff4b3a2485f491e99,c3bc8c417c762f5745912710ccafd99995cf8bd5dfc0506ff4b3a2485f491e99,PASS
PTBXL_SUB_13_ECGFM_KED_FINETUNING_FORMAL_SUB2,formal_command_manifest,/root/autodl-tmp/ECG/formal_runs/PTBXL_SUB/PTBXL_SUB_13_ECGFM_KED_FINETUNING_FORMAL_SUB2/exact_formal_command.sh,execution_control/PTBXL_FINAL_CLOSURE/PARALLEL_WORKER_EVIDENCE_BUNDLE/PTBXL_SUB_13_ECGFM_KED_FINETUNING_FORMAL_SUB2/exact_formal_command.sh,877,3398880e1a7993ac53159cf7bef2f24d04fa59fffca33d2a96f5e57ca325aa12,3398880e1a7993ac53159cf7bef2f24d04fa59fffca33d2a96f5e57ca325aa12,PASS
PTBXL_SUB_13_ECGFM_KED_FINETUNING_FORMAL_SUB2,mapping_validation_sidecar,/root/autodl-tmp/ECG/formal_runs/PTBXL_SUB/PTBXL_SUB_13_ECGFM_KED_FINETUNING_FORMAL_SUB2/post_run_validation.json,execution_control/PTBXL_FINAL_CLOSURE/PARALLEL_WORKER_EVIDENCE_BUNDLE/PTBXL_SUB_13_ECGFM_KED_FINETUNING_FORMAL_SUB2/post_run_validation.json,679,d3a0e1503c854af5087d8a68dfc1a825027dbf6fe02cb9a4d4316bef39e2ca16,d3a0e1503c854af5087d8a68dfc1a825027dbf6fe02cb9a4d4316bef39e2ca16,PASS
PTBXL_SUB_14_ECGFM_KED_FROZEN_FORMAL_SUB2,aggregate_prediction,/root/autodl-tmp/ECG/formal_runs/PTBXL_SUB/PTBXL_SUB_14_ECGFM_KED_FROZEN_FORMAL_SUB2/predictions/ptbxl_sub_version_0/agg/test_0_epoch_0_agg.npz,execution_control/PTBXL_FINAL_CLOSURE/PARALLEL_WORKER_EVIDENCE_BUNDLE/PTBXL_SUB_14_ECGFM_KED_FROZEN_FORMAL_SUB2/test_0_epoch_0_agg.npz,406264,f7a7b46f1387f1f16075e2911abf82da71d1e55a94d9c534376f9c0480c90ce2,f7a7b46f1387f1f16075e2911abf82da71d1e55a94d9c534376f9c0480c90ce2,PASS
PTBXL_SUB_14_ECGFM_KED_FROZEN_FORMAL_SUB2,raw_noagg_prediction_and_target,/root/autodl-tmp/ECG/formal_runs/PTBXL_SUB/PTBXL_SUB_14_ECGFM_KED_FROZEN_FORMAL_SUB2/predictions/ptbxl_sub_version_0/noagg/test_0_epoch_0_noagg.npz,execution_control/PTBXL_FINAL_CLOSURE/PARALLEL_WORKER_EVIDENCE_BUNDLE/PTBXL_SUB_14_ECGFM_KED_FROZEN_FORMAL_SUB2/test_0_epoch_0_noagg.npz,406264,f7a7b46f1387f1f16075e2911abf82da71d1e55a94d9c534376f9c0480c90ce2,f7a7b46f1387f1f16075e2911abf82da71d1e55a94d9c534376f9c0480c90ce2,PASS
PTBXL_SUB_14_ECGFM_KED_FROZEN_FORMAL_SUB2,formal_command_manifest,/root/autodl-tmp/ECG/formal_runs/PTBXL_SUB/PTBXL_SUB_14_ECGFM_KED_FROZEN_FORMAL_SUB2/exact_formal_command.sh,execution_control/PTBXL_FINAL_CLOSURE/PARALLEL_WORKER_EVIDENCE_BUNDLE/PTBXL_SUB_14_ECGFM_KED_FROZEN_FORMAL_SUB2/exact_formal_command.sh,922,deca79647b8cfe5cc4957467581ab65c9bbd1432e617ff4457b2fba40d2e7de0,deca79647b8cfe5cc4957467581ab65c9bbd1432e617ff4457b2fba40d2e7de0,PASS
PTBXL_SUB_14_ECGFM_KED_FROZEN_FORMAL_SUB2,mapping_validation_sidecar,/root/autodl-tmp/ECG/formal_runs/PTBXL_SUB/PTBXL_SUB_14_ECGFM_KED_FROZEN_FORMAL_SUB2/post_run_validation.json,execution_control/PTBXL_FINAL_CLOSURE/PARALLEL_WORKER_EVIDENCE_BUNDLE/PTBXL_SUB_14_ECGFM_KED_FROZEN_FORMAL_SUB2/post_run_validation.json,671,7c4c5e75a2edcdd6fd7859f05ed4ca4993c73af41799a5e9cebd453586add43c,7c4c5e75a2edcdd6fd7859f05ed4ca4993c73af41799a5e9cebd453586add43c,PASS
PTBXL_SUB_15_ECGFM_KED_LINEAR_FORMAL_SUB2,aggregate_prediction,/root/autodl-tmp/ECG/formal_runs/PTBXL_SUB/PTBXL_SUB_15_ECGFM_KED_LINEAR_FORMAL_SUB2/predictions/ptbxl_sub_version_0/agg/test_0_epoch_0_agg.npz,execution_control/PTBXL_FINAL_CLOSURE/PARALLEL_WORKER_EVIDENCE_BUNDLE/PTBXL_SUB_15_ECGFM_KED_LINEAR_FORMAL_SUB2/test_0_epoch_0_agg.npz,406264,5e2b8c7805c4bf09ecfa8135257bd6b407d8101a3f90064b2ea3b4e6d7a74784,5e2b8c7805c4bf09ecfa8135257bd6b407d8101a3f90064b2ea3b4e6d7a74784,PASS
PTBXL_SUB_15_ECGFM_KED_LINEAR_FORMAL_SUB2,raw_noagg_prediction_and_target,/root/autodl-tmp/ECG/formal_runs/PTBXL_SUB/PTBXL_SUB_15_ECGFM_KED_LINEAR_FORMAL_SUB2/predictions/ptbxl_sub_version_0/noagg/test_0_epoch_0_noagg.npz,execution_control/PTBXL_FINAL_CLOSURE/PARALLEL_WORKER_EVIDENCE_BUNDLE/PTBXL_SUB_15_ECGFM_KED_LINEAR_FORMAL_SUB2/test_0_epoch_0_noagg.npz,406264,5e2b8c7805c4bf09ecfa8135257bd6b407d8101a3f90064b2ea3b4e6d7a74784,5e2b8c7805c4bf09ecfa8135257bd6b407d8101a3f90064b2ea3b4e6d7a74784,PASS
PTBXL_SUB_15_ECGFM_KED_LINEAR_FORMAL_SUB2,formal_command_manifest,/root/autodl-tmp/ECG/formal_runs/PTBXL_SUB/PTBXL_SUB_15_ECGFM_KED_LINEAR_FORMAL_SUB2/exact_formal_command.sh,execution_control/PTBXL_FINAL_CLOSURE/PARALLEL_WORKER_EVIDENCE_BUNDLE/PTBXL_SUB_15_ECGFM_KED_LINEAR_FORMAL_SUB2/exact_formal_command.sh,922,86f865625035750a6042cbd2e162016e7f6d2fdb7d75c378ebccae417ba416d1,86f865625035750a6042cbd2e162016e7f6d2fdb7d75c378ebccae417ba416d1,PASS
PTBXL_SUB_15_ECGFM_KED_LINEAR_FORMAL_SUB2,mapping_validation_sidecar,/root/autodl-tmp/ECG/formal_runs/PTBXL_SUB/PTBXL_SUB_15_ECGFM_KED_LINEAR_FORMAL_SUB2/post_run_validation.json,execution_control/PTBXL_FINAL_CLOSURE/PARALLEL_WORKER_EVIDENCE_BUNDLE/PTBXL_SUB_15_ECGFM_KED_LINEAR_FORMAL_SUB2/post_run_validation.json,671,4c52e8748ca445fd2e27ac75dfb5373ecb8b898bf7603f39a1ff8e9db1d537cd,4c52e8748ca445fd2e27ac75dfb5373ecb8b898bf7603f39a1ff8e9db1d537cd,PASS
PTBXL_SUB_16_HUBERT_ECG_FINETUNING_FORMAL_SUB3,aggregate_prediction,/root/autodl-tmp/ECG/formal_runs/PTBXL_SUB/PTBXL_SUB_16_HUBERT_ECG_FINETUNING_FORMAL_SUB3/predictions/ptbxl_sub_version_0/agg/test_0_epoch_0_agg.npz,execution_control/PTBXL_FINAL_CLOSURE/PARALLEL_WORKER_EVIDENCE_BUNDLE/PTBXL_SUB_16_HUBERT_ECG_FINETUNING_FORMAL_SUB3/test_0_epoch_0_agg.npz,406264,0296c56e4fd7e33af07d3dbd68315d447f5a8e869bc3474d7081e7b4d5d1926a,0296c56e4fd7e33af07d3dbd68315d447f5a8e869bc3474d7081e7b4d5d1926a,PASS
PTBXL_SUB_16_HUBERT_ECG_FINETUNING_FORMAL_SUB3,raw_noagg_prediction_and_target,/root/autodl-tmp/ECG/formal_runs/PTBXL_SUB/PTBXL_SUB_16_HUBERT_ECG_FINETUNING_FORMAL_SUB3/predictions/ptbxl_sub_version_0/noagg/test_0_epoch_0_noagg.npz,execution_control/PTBXL_FINAL_CLOSURE/PARALLEL_WORKER_EVIDENCE_BUNDLE/PTBXL_SUB_16_HUBERT_ECG_FINETUNING_FORMAL_SUB3/test_0_epoch_0_noagg.npz,810696,82662a2c02a8f1db727f3f71c367d030d309688de02d23cbfcb3856fc97fb45f,82662a2c02a8f1db727f3f71c367d030d309688de02d23cbfcb3856fc97fb45f,PASS
PTBXL_SUB_16_HUBERT_ECG_FINETUNING_FORMAL_SUB3,formal_command_manifest,/root/autodl-tmp/ECG/formal_runs/PTBXL_SUB/PTBXL_SUB_16_HUBERT_ECG_FINETUNING_FORMAL_SUB3/exact_formal_command.sh,execution_control/PTBXL_FINAL_CLOSURE/PARALLEL_WORKER_EVIDENCE_BUNDLE/PTBXL_SUB_16_HUBERT_ECG_FINETUNING_FORMAL_SUB3/exact_formal_command.sh,932,90bc146242511d55c2197759024e4535d7fae863f064d2bdc1ca55f3a3fe71b5,90bc146242511d55c2197759024e4535d7fae863f064d2bdc1ca55f3a3fe71b5,PASS
PTBXL_SUB_16_HUBERT_ECG_FINETUNING_FORMAL_SUB3,mapping_validation_sidecar,/root/autodl-tmp/ECG/formal_runs/PTBXL_SUB/PTBXL_SUB_16_HUBERT_ECG_FINETUNING_FORMAL_SUB3/post_run_validation.json,execution_control/PTBXL_FINAL_CLOSURE/PARALLEL_WORKER_EVIDENCE_BUNDLE/PTBXL_SUB_16_HUBERT_ECG_FINETUNING_FORMAL_SUB3/post_run_validation.json,680,d33e8f19329e21061dbad4f008b4453feeeeb8f32371f3228b6ea3c98c8dca0a,d33e8f19329e21061dbad4f008b4453feeeeb8f32371f3228b6ea3c98c8dca0a,PASS
PTBXL_SUB_17_HUBERT_ECG_FROZEN_FORMAL_SUB3,aggregate_prediction,/root/autodl-tmp/ECG/formal_runs/PTBXL_SUB/PTBXL_SUB_17_HUBERT_ECG_FROZEN_FORMAL_SUB3/predictions/ptbxl_sub_version_0/agg/test_0_epoch_0_agg.npz,execution_control/PTBXL_FINAL_CLOSURE/PARALLEL_WORKER_EVIDENCE_BUNDLE/PTBXL_SUB_17_HUBERT_ECG_FROZEN_FORMAL_SUB3/test_0_epoch_0_agg.npz,406264,7df4e2029253bf36237bd4a51d5e92a73e7ea762ce7bab95588924b6109bef80,7df4e2029253bf36237bd4a51d5e92a73e7ea762ce7bab95588924b6109bef80,PASS
PTBXL_SUB_17_HUBERT_ECG_FROZEN_FORMAL_SUB3,raw_noagg_prediction_and_target,/root/autodl-tmp/ECG/formal_runs/PTBXL_SUB/PTBXL_SUB_17_HUBERT_ECG_FROZEN_FORMAL_SUB3/predictions/ptbxl_sub_version_0/noagg/test_0_epoch_0_noagg.npz,execution_control/PTBXL_FINAL_CLOSURE/PARALLEL_WORKER_EVIDENCE_BUNDLE/PTBXL_SUB_17_HUBERT_ECG_FROZEN_FORMAL_SUB3/test_0_epoch_0_noagg.npz,810696,a04f0c80e4d70c43f2f7385ddccb56924c8b14962aae8a4c45d294fe72fb196a,a04f0c80e4d70c43f2f7385ddccb56924c8b14962aae8a4c45d294fe72fb196a,PASS
PTBXL_SUB_17_HUBERT_ECG_FROZEN_FORMAL_SUB3,formal_command_manifest,/root/autodl-tmp/ECG/formal_runs/PTBXL_SUB/PTBXL_SUB_17_HUBERT_ECG_FROZEN_FORMAL_SUB3/exact_formal_command.sh,execution_control/PTBXL_FINAL_CLOSURE/PARALLEL_WORKER_EVIDENCE_BUNDLE/PTBXL_SUB_17_HUBERT_ECG_FROZEN_FORMAL_SUB3/exact_formal_command.sh,909,dd07f8dfcac3513b74b7b12ff33b04c93e991f57043f6e8e8487f9c851a61fe1,dd07f8dfcac3513b74b7b12ff33b04c93e991f57043f6e8e8487f9c851a61fe1,PASS
PTBXL_SUB_17_HUBERT_ECG_FROZEN_FORMAL_SUB3,mapping_validation_sidecar,/root/autodl-tmp/ECG/formal_runs/PTBXL_SUB/PTBXL_SUB_17_HUBERT_ECG_FROZEN_FORMAL_SUB3/post_run_validation.json,execution_control/PTBXL_FINAL_CLOSURE/PARALLEL_WORKER_EVIDENCE_BUNDLE/PTBXL_SUB_17_HUBERT_ECG_FROZEN_FORMAL_SUB3/post_run_validation.json,673,c099765db0ac34975b63dec9b63f5a0e07ed6c674965f57e87b0211c51557b29,c099765db0ac34975b63dec9b63f5a0e07ed6c674965f57e87b0211c51557b29,PASS
PTBXL_SUB_18_HUBERT_ECG_LINEAR_FORMAL_SUB3,aggregate_prediction,/root/autodl-tmp/ECG/formal_runs/PTBXL_SUB/PTBXL_SUB_18_HUBERT_ECG_LINEAR_FORMAL_SUB3/predictions/ptbxl_sub_version_0/agg/test_0_epoch_0_agg.npz,execution_control/PTBXL_FINAL_CLOSURE/PARALLEL_WORKER_EVIDENCE_BUNDLE/PTBXL_SUB_18_HUBERT_ECG_LINEAR_FORMAL_SUB3/test_0_epoch_0_agg.npz,406264,17b2732084fc142c6a2a4aa8c9c02a8f189e15f7d94301f71a90ba9f9203df6f,17b2732084fc142c6a2a4aa8c9c02a8f189e15f7d94301f71a90ba9f9203df6f,PASS
PTBXL_SUB_18_HUBERT_ECG_LINEAR_FORMAL_SUB3,raw_noagg_prediction_and_target,/root/autodl-tmp/ECG/formal_runs/PTBXL_SUB/PTBXL_SUB_18_HUBERT_ECG_LINEAR_FORMAL_SUB3/predictions/ptbxl_sub_version_0/noagg/test_0_epoch_0_noagg.npz,execution_control/PTBXL_FINAL_CLOSURE/PARALLEL_WORKER_EVIDENCE_BUNDLE/PTBXL_SUB_18_HUBERT_ECG_LINEAR_FORMAL_SUB3/test_0_epoch_0_noagg.npz,810696,643c673df13baf6bad53b135711e4ca0bd42f439c2f93dbb1f6abba0988011b8,643c673df13baf6bad53b135711e4ca0bd42f439c2f93dbb1f6abba0988011b8,PASS
PTBXL_SUB_18_HUBERT_ECG_LINEAR_FORMAL_SUB3,formal_command_manifest,/root/autodl-tmp/ECG/formal_runs/PTBXL_SUB/PTBXL_SUB_18_HUBERT_ECG_LINEAR_FORMAL_SUB3/exact_formal_command.sh,execution_control/PTBXL_FINAL_CLOSURE/PARALLEL_WORKER_EVIDENCE_BUNDLE/PTBXL_SUB_18_HUBERT_ECG_LINEAR_FORMAL_SUB3/exact_formal_command.sh,909,d8f9cc0fa5ee8fed74c3bfd35a48376f7513f1ce16072e3be388519641afcfa0,d8f9cc0fa5ee8fed74c3bfd35a48376f7513f1ce16072e3be388519641afcfa0,PASS
PTBXL_SUB_18_HUBERT_ECG_LINEAR_FORMAL_SUB3,mapping_validation_sidecar,/root/autodl-tmp/ECG/formal_runs/PTBXL_SUB/PTBXL_SUB_18_HUBERT_ECG_LINEAR_FORMAL_SUB3/post_run_validation.json,execution_control/PTBXL_FINAL_CLOSURE/PARALLEL_WORKER_EVIDENCE_BUNDLE/PTBXL_SUB_18_HUBERT_ECG_LINEAR_FORMAL_SUB3/post_run_validation.json,673,e9b4c33ef59d42f09860a06a1cbf3931a783fb60bf14adfc8e2664f1385fd598,e9b4c33ef59d42f09860a06a1cbf3931a783fb60bf14adfc8e2664f1385fd598,PASS
PTBXL_SUB_19_S4_FINETUNING_FORMAL_SUB4,aggregate_prediction,/root/autodl-tmp/ECG/formal_runs/PTBXL_SUB/PTBXL_SUB_19_S4_FINETUNING_FORMAL_SUB4/predictions/ptbxl_sub_version_0/agg/test_0_epoch_100_agg.npz,execution_control/PTBXL_FINAL_CLOSURE/PARALLEL_WORKER_EVIDENCE_BUNDLE/PTBXL_SUB_19_S4_FINETUNING_FORMAL_SUB4/test_0_epoch_100_agg.npz,406264,bd48fd83ef33d8d9e60b9fd731c56bea3b9ec53d79c9317f2298336844acb03f,bd48fd83ef33d8d9e60b9fd731c56bea3b9ec53d79c9317f2298336844acb03f,PASS
PTBXL_SUB_19_S4_FINETUNING_FORMAL_SUB4,raw_noagg_prediction_and_target,/root/autodl-tmp/ECG/formal_runs/PTBXL_SUB/PTBXL_SUB_19_S4_FINETUNING_FORMAL_SUB4/predictions/ptbxl_sub_version_0/noagg/test_0_epoch_100_noagg.npz,execution_control/PTBXL_FINAL_CLOSURE/PARALLEL_WORKER_EVIDENCE_BUNDLE/PTBXL_SUB_19_S4_FINETUNING_FORMAL_SUB4/test_0_epoch_100_noagg.npz,1619560,c4e187b7a43da356fdbc4aabfdec01fe05897062a8b057419275766126543c48,c4e187b7a43da356fdbc4aabfdec01fe05897062a8b057419275766126543c48,PASS
PTBXL_SUB_19_S4_FINETUNING_FORMAL_SUB4,formal_command_manifest,/root/autodl-tmp/ECG/formal_runs/PTBXL_SUB/PTBXL_SUB_19_S4_FINETUNING_FORMAL_SUB4/exact_formal_command.sh,execution_control/PTBXL_FINAL_CLOSURE/PARALLEL_WORKER_EVIDENCE_BUNDLE/PTBXL_SUB_19_S4_FINETUNING_FORMAL_SUB4/exact_formal_command.sh,1142,6f712afb1665bdb21b0ddfa471c83a4b5be0c9b650bc53029c0ee5fe4f54dc4b,6f712afb1665bdb21b0ddfa471c83a4b5be0c9b650bc53029c0ee5fe4f54dc4b,PASS
PTBXL_SUB_19_S4_FINETUNING_FORMAL_SUB4,mapping_validation_sidecar,/root/autodl-tmp/ECG/formal_runs/PTBXL_SUB/PTBXL_SUB_19_S4_FINETUNING_FORMAL_SUB4/post_run_validation.json,execution_control/PTBXL_FINAL_CLOSURE/PARALLEL_WORKER_EVIDENCE_BUNDLE/PTBXL_SUB_19_S4_FINETUNING_FORMAL_SUB4/post_run_validation.json,665,d952e0f6c87bd36feb7cc0d3074951b36bf2fb74697c6368e6769d8b8eb80e6a,d952e0f6c87bd36feb7cc0d3074951b36bf2fb74697c6368e6769d8b8eb80e6a,PASS
PTBXL_SUB_20_NET1D_FINETUNING_FORMAL_SUB4,aggregate_prediction,/root/autodl-tmp/ECG/formal_runs/PTBXL_SUB/PTBXL_SUB_20_NET1D_FINETUNING_FORMAL_SUB4/predictions/ptbxl_sub_version_0/agg/test_0_epoch_100_agg.npz,execution_control/PTBXL_FINAL_CLOSURE/PARALLEL_WORKER_EVIDENCE_BUNDLE/PTBXL_SUB_20_NET1D_FINETUNING_FORMAL_SUB4/test_0_epoch_100_agg.npz,406264,3852c2fca20aac1229f417300102d554d4b056689ff4305cea4ef85d02db9b94,3852c2fca20aac1229f417300102d554d4b056689ff4305cea4ef85d02db9b94,PASS
PTBXL_SUB_20_NET1D_FINETUNING_FORMAL_SUB4,raw_noagg_prediction_and_target,/root/autodl-tmp/ECG/formal_runs/PTBXL_SUB/PTBXL_SUB_20_NET1D_FINETUNING_FORMAL_SUB4/predictions/ptbxl_sub_version_0/noagg/test_0_epoch_100_noagg.npz,execution_control/PTBXL_FINAL_CLOSURE/PARALLEL_WORKER_EVIDENCE_BUNDLE/PTBXL_SUB_20_NET1D_FINETUNING_FORMAL_SUB4/test_0_epoch_100_noagg.npz,1619560,176e55a8774de66895f0318c9892b77bc9f5d60551b8c312b62343348a2bf249,176e55a8774de66895f0318c9892b77bc9f5d60551b8c312b62343348a2bf249,PASS
PTBXL_SUB_20_NET1D_FINETUNING_FORMAL_SUB4,formal_command_manifest,/root/autodl-tmp/ECG/formal_runs/PTBXL_SUB/PTBXL_SUB_20_NET1D_FINETUNING_FORMAL_SUB4/exact_formal_command.sh,execution_control/PTBXL_FINAL_CLOSURE/PARALLEL_WORKER_EVIDENCE_BUNDLE/PTBXL_SUB_20_NET1D_FINETUNING_FORMAL_SUB4/exact_formal_command.sh,918,4d09614fe3f2f073f03fd2d6d3923ac2c25541d8df74bef47aee2d52ed07f222,4d09614fe3f2f073f03fd2d6d3923ac2c25541d8df74bef47aee2d52ed07f222,PASS
PTBXL_SUB_20_NET1D_FINETUNING_FORMAL_SUB4,mapping_validation_sidecar,/root/autodl-tmp/ECG/formal_runs/PTBXL_SUB/PTBXL_SUB_20_NET1D_FINETUNING_FORMAL_SUB4/post_run_validation.json,execution_control/PTBXL_FINAL_CLOSURE/PARALLEL_WORKER_EVIDENCE_BUNDLE/PTBXL_SUB_20_NET1D_FINETUNING_FORMAL_SUB4/post_run_validation.json,671,10a14dd94bb5b80bb98c9fbc1beef73f39f00b113a5ce1975939c8d203c0b2d9,10a14dd94bb5b80bb98c9fbc1beef73f39f00b113a5ce1975939c8d203c0b2d9,PASS
PTBXL_SUPER_10_MERL_FINETUNING_FORMAL_SUPER1,aggregate_prediction,/root/autodl-tmp/ECG/formal_runs/PTBXL_SUPER/PTBXL_SUPER_10_MERL_FINETUNING_FORMAL_SUPER1/predictions/ptbxl_super_version_0/agg/test_0_epoch_100_agg.npz,execution_control/PTBXL_FINAL_CLOSURE/PARALLEL_WORKER_EVIDENCE_BUNDLE/PTBXL_SUPER_10_MERL_FINETUNING_FORMAL_SUPER1/test_0_epoch_100_agg.npz,89004,f6e03a6228804d1731f4489bf1bf605dd6479f1b13d2f3b297d3c000a2ff164e,f6e03a6228804d1731f4489bf1bf605dd6479f1b13d2f3b297d3c000a2ff164e,PASS
PTBXL_SUPER_10_MERL_FINETUNING_FORMAL_SUPER1,raw_noagg_prediction_and_target,/root/autodl-tmp/ECG/formal_runs/PTBXL_SUPER/PTBXL_SUPER_10_MERL_FINETUNING_FORMAL_SUPER1/predictions/ptbxl_super_version_0/noagg/test_0_epoch_100_noagg.npz,execution_control/PTBXL_FINAL_CLOSURE/PARALLEL_WORKER_EVIDENCE_BUNDLE/PTBXL_SUPER_10_MERL_FINETUNING_FORMAL_SUPER1/test_0_epoch_100_noagg.npz,352764,621ca7dd95658dbf7d02382fa99799adc4fb744612efb798269f516d20d934b7,621ca7dd95658dbf7d02382fa99799adc4fb744612efb798269f516d20d934b7,PASS
PTBXL_SUPER_10_MERL_FINETUNING_FORMAL_SUPER1,formal_command_manifest,/root/autodl-tmp/ECG/formal_runs/PTBXL_SUPER/PTBXL_SUPER_10_MERL_FINETUNING_FORMAL_SUPER1/exact_formal_command.sh,execution_control/PTBXL_FINAL_CLOSURE/PARALLEL_WORKER_EVIDENCE_BUNDLE/PTBXL_SUPER_10_MERL_FINETUNING_FORMAL_SUPER1/exact_formal_command.sh,1084,cf7fd895f759ae3df5d38ef80931b35878b29f1063f8a5e4d85e5c8227a5a1a7,cf7fd895f759ae3df5d38ef80931b35878b29f1063f8a5e4d85e5c8227a5a1a7,PASS
PTBXL_SUPER_10_MERL_FINETUNING_FORMAL_SUPER1,mapping_validation_sidecar,/root/autodl-tmp/ECG/formal_runs/PTBXL_SUPER/PTBXL_SUPER_10_MERL_FINETUNING_FORMAL_SUPER1/post_run_validation.json,execution_control/PTBXL_FINAL_CLOSURE/PARALLEL_WORKER_EVIDENCE_BUNDLE/PTBXL_SUPER_10_MERL_FINETUNING_FORMAL_SUPER1/post_run_validation.json,675,03765d93c388b87a020400a10095a456476de702cd8fc220f4f42273a5c77446,03765d93c388b87a020400a10095a456476de702cd8fc220f4f42273a5c77446,PASS
PTBXL_SUPER_11_MERL_FROZEN_FORMAL_SUPER1,aggregate_prediction,/root/autodl-tmp/ECG/formal_runs/PTBXL_SUPER/PTBXL_SUPER_11_MERL_FROZEN_FORMAL_SUPER1/predictions/ptbxl_super_version_0/agg/test_0_epoch_100_agg.npz,execution_control/PTBXL_FINAL_CLOSURE/PARALLEL_WORKER_EVIDENCE_BUNDLE/PTBXL_SUPER_11_MERL_FROZEN_FORMAL_SUPER1/test_0_epoch_100_agg.npz,89004,2a520445e9b63fbb723b6fb1ffb293062644c03bd60948936f6229c56d1da9ad,2a520445e9b63fbb723b6fb1ffb293062644c03bd60948936f6229c56d1da9ad,PASS
PTBXL_SUPER_11_MERL_FROZEN_FORMAL_SUPER1,raw_noagg_prediction_and_target,/root/autodl-tmp/ECG/formal_runs/PTBXL_SUPER/PTBXL_SUPER_11_MERL_FROZEN_FORMAL_SUPER1/predictions/ptbxl_super_version_0/noagg/test_0_epoch_100_noagg.npz,execution_control/PTBXL_FINAL_CLOSURE/PARALLEL_WORKER_EVIDENCE_BUNDLE/PTBXL_SUPER_11_MERL_FROZEN_FORMAL_SUPER1/test_0_epoch_100_noagg.npz,352764,940753b461f3ecb96336ddd31999347fae8e6c81deb0c145fd351b804e0d213f,940753b461f3ecb96336ddd31999347fae8e6c81deb0c145fd351b804e0d213f,PASS
PTBXL_SUPER_11_MERL_FROZEN_FORMAL_SUPER1,formal_command_manifest,/root/autodl-tmp/ECG/formal_runs/PTBXL_SUPER/PTBXL_SUPER_11_MERL_FROZEN_FORMAL_SUPER1/exact_formal_command.sh,execution_control/PTBXL_FINAL_CLOSURE/PARALLEL_WORKER_EVIDENCE_BUNDLE/PTBXL_SUPER_11_MERL_FROZEN_FORMAL_SUPER1/exact_formal_command.sh,1089,68849c5f327069c2ca4838e24601a26533f6e55b43676d55a6e87bab37cc525f,68849c5f327069c2ca4838e24601a26533f6e55b43676d55a6e87bab37cc525f,PASS
PTBXL_SUPER_11_MERL_FROZEN_FORMAL_SUPER1,mapping_validation_sidecar,/root/autodl-tmp/ECG/formal_runs/PTBXL_SUPER/PTBXL_SUPER_11_MERL_FROZEN_FORMAL_SUPER1/post_run_validation.json,execution_control/PTBXL_FINAL_CLOSURE/PARALLEL_WORKER_EVIDENCE_BUNDLE/PTBXL_SUPER_11_MERL_FROZEN_FORMAL_SUPER1/post_run_validation.json,667,fbbd066665550c9a437766d45b6742a16ca965e1df7d862b7ddb84277d347893,fbbd066665550c9a437766d45b6742a16ca965e1df7d862b7ddb84277d347893,PASS
PTBXL_SUPER_12_MERL_LINEAR_FORMAL_SUPER1,aggregate_prediction,/root/autodl-tmp/ECG/formal_runs/PTBXL_SUPER/PTBXL_SUPER_12_MERL_LINEAR_FORMAL_SUPER1/predictions/ptbxl_super_version_0/agg/test_0_epoch_100_agg.npz,execution_control/PTBXL_FINAL_CLOSURE/PARALLEL_WORKER_EVIDENCE_BUNDLE/PTBXL_SUPER_12_MERL_LINEAR_FORMAL_SUPER1/test_0_epoch_100_agg.npz,89004,654e30097036b43951f8c11a57699da1b7b6c3630803832ba678fc51269c3276,654e30097036b43951f8c11a57699da1b7b6c3630803832ba678fc51269c3276,PASS
PTBXL_SUPER_12_MERL_LINEAR_FORMAL_SUPER1,raw_noagg_prediction_and_target,/root/autodl-tmp/ECG/formal_runs/PTBXL_SUPER/PTBXL_SUPER_12_MERL_LINEAR_FORMAL_SUPER1/predictions/ptbxl_super_version_0/noagg/test_0_epoch_100_noagg.npz,execution_control/PTBXL_FINAL_CLOSURE/PARALLEL_WORKER_EVIDENCE_BUNDLE/PTBXL_SUPER_12_MERL_LINEAR_FORMAL_SUPER1/test_0_epoch_100_noagg.npz,352764,09de6eb4d23f21d4725f89aab38daf6c8b1e9d31133cf7943da4fc1951bcd2f5,09de6eb4d23f21d4725f89aab38daf6c8b1e9d31133cf7943da4fc1951bcd2f5,PASS
PTBXL_SUPER_12_MERL_LINEAR_FORMAL_SUPER1,formal_command_manifest,/root/autodl-tmp/ECG/formal_runs/PTBXL_SUPER/PTBXL_SUPER_12_MERL_LINEAR_FORMAL_SUPER1/exact_formal_command.sh,execution_control/PTBXL_FINAL_CLOSURE/PARALLEL_WORKER_EVIDENCE_BUNDLE/PTBXL_SUPER_12_MERL_LINEAR_FORMAL_SUPER1/exact_formal_command.sh,1089,0e1e7035fe5992d7b47c2a5061dc3bf55a00caf4ae414ec06708bfd72dc440e7,0e1e7035fe5992d7b47c2a5061dc3bf55a00caf4ae414ec06708bfd72dc440e7,PASS
PTBXL_SUPER_12_MERL_LINEAR_FORMAL_SUPER1,mapping_validation_sidecar,/root/autodl-tmp/ECG/formal_runs/PTBXL_SUPER/PTBXL_SUPER_12_MERL_LINEAR_FORMAL_SUPER1/post_run_validation.json,execution_control/PTBXL_FINAL_CLOSURE/PARALLEL_WORKER_EVIDENCE_BUNDLE/PTBXL_SUPER_12_MERL_LINEAR_FORMAL_SUPER1/post_run_validation.json,667,7b1f06f681bc353d7a986ac63c963dc6ca9fa91173671edb4deb909c2c5cb4d3,7b1f06f681bc353d7a986ac63c963dc6ca9fa91173671edb4deb909c2c5cb4d3,PASS
PTBXL_SUPER_13_ECGFM_KED_FINETUNING_FORMAL_SUPER2,aggregate_prediction,/root/autodl-tmp/ECG/formal_runs/PTBXL_SUPER/PTBXL_SUPER_13_ECGFM_KED_FINETUNING_FORMAL_SUPER2/predictions/ptbxl_super_version_0/agg/test_0_epoch_0_agg.npz,execution_control/PTBXL_FINAL_CLOSURE/PARALLEL_WORKER_EVIDENCE_BUNDLE/PTBXL_SUPER_13_ECGFM_KED_FINETUNING_FORMAL_SUPER2/test_0_epoch_0_agg.npz,89004,3b93aaeca443b078c5778e1be44baa2d48c4e36c1ea06e617bdc04ee9d929763,3b93aaeca443b078c5778e1be44baa2d48c4e36c1ea06e617bdc04ee9d929763,PASS
PTBXL_SUPER_13_ECGFM_KED_FINETUNING_FORMAL_SUPER2,raw_noagg_prediction_and_target,/root/autodl-tmp/ECG/formal_runs/PTBXL_SUPER/PTBXL_SUPER_13_ECGFM_KED_FINETUNING_FORMAL_SUPER2/predictions/ptbxl_super_version_0/noagg/test_0_epoch_0_noagg.npz,execution_control/PTBXL_FINAL_CLOSURE/PARALLEL_WORKER_EVIDENCE_BUNDLE/PTBXL_SUPER_13_ECGFM_KED_FINETUNING_FORMAL_SUPER2/test_0_epoch_0_noagg.npz,89004,3b93aaeca443b078c5778e1be44baa2d48c4e36c1ea06e617bdc04ee9d929763,3b93aaeca443b078c5778e1be44baa2d48c4e36c1ea06e617bdc04ee9d929763,PASS
PTBXL_SUPER_13_ECGFM_KED_FINETUNING_FORMAL_SUPER2,formal_command_manifest,/root/autodl-tmp/ECG/formal_runs/PTBXL_SUPER/PTBXL_SUPER_13_ECGFM_KED_FINETUNING_FORMAL_SUPER2/exact_formal_command.sh,execution_control/PTBXL_FINAL_CLOSURE/PARALLEL_WORKER_EVIDENCE_BUNDLE/PTBXL_SUPER_13_ECGFM_KED_FINETUNING_FORMAL_SUPER2/exact_formal_command.sh,895,784fd9e9db5f6a1b51511601d716cc7068f0db6ec1966a70f6486c85648f2944,784fd9e9db5f6a1b51511601d716cc7068f0db6ec1966a70f6486c85648f2944,PASS
PTBXL_SUPER_13_ECGFM_KED_FINETUNING_FORMAL_SUPER2,mapping_validation_sidecar,/root/autodl-tmp/ECG/formal_runs/PTBXL_SUPER/PTBXL_SUPER_13_ECGFM_KED_FINETUNING_FORMAL_SUPER2/post_run_validation.json,execution_control/PTBXL_FINAL_CLOSURE/PARALLEL_WORKER_EVIDENCE_BUNDLE/PTBXL_SUPER_13_ECGFM_KED_FINETUNING_FORMAL_SUPER2/post_run_validation.json,685,6ad286389b677087ef2dc4a77f16284572d3b8972e151ce041f321a7ddaf12a9,6ad286389b677087ef2dc4a77f16284572d3b8972e151ce041f321a7ddaf12a9,PASS
PTBXL_SUPER_14_ECGFM_KED_FROZEN_FORMAL_SUPER2,aggregate_prediction,/root/autodl-tmp/ECG/formal_runs/PTBXL_SUPER/PTBXL_SUPER_14_ECGFM_KED_FROZEN_FORMAL_SUPER2/predictions/ptbxl_super_version_0/agg/test_0_epoch_0_agg.npz,execution_control/PTBXL_FINAL_CLOSURE/PARALLEL_WORKER_EVIDENCE_BUNDLE/PTBXL_SUPER_14_ECGFM_KED_FROZEN_FORMAL_SUPER2/test_0_epoch_0_agg.npz,89004,3503915b2223943cb6651bbe173858c86a849fbe63cd41c2beaedff77e46bf5a,3503915b2223943cb6651bbe173858c86a849fbe63cd41c2beaedff77e46bf5a,PASS
PTBXL_SUPER_14_ECGFM_KED_FROZEN_FORMAL_SUPER2,raw_noagg_prediction_and_target,/root/autodl-tmp/ECG/formal_runs/PTBXL_SUPER/PTBXL_SUPER_14_ECGFM_KED_FROZEN_FORMAL_SUPER2/predictions/ptbxl_super_version_0/noagg/test_0_epoch_0_noagg.npz,execution_control/PTBXL_FINAL_CLOSURE/PARALLEL_WORKER_EVIDENCE_BUNDLE/PTBXL_SUPER_14_ECGFM_KED_FROZEN_FORMAL_SUPER2/test_0_epoch_0_noagg.npz,89004,3503915b2223943cb6651bbe173858c86a849fbe63cd41c2beaedff77e46bf5a,3503915b2223943cb6651bbe173858c86a849fbe63cd41c2beaedff77e46bf5a,PASS
PTBXL_SUPER_14_ECGFM_KED_FROZEN_FORMAL_SUPER2,formal_command_manifest,/root/autodl-tmp/ECG/formal_runs/PTBXL_SUPER/PTBXL_SUPER_14_ECGFM_KED_FROZEN_FORMAL_SUPER2/exact_formal_command.sh,execution_control/PTBXL_FINAL_CLOSURE/PARALLEL_WORKER_EVIDENCE_BUNDLE/PTBXL_SUPER_14_ECGFM_KED_FROZEN_FORMAL_SUPER2/exact_formal_command.sh,940,57dc51cd81bb9c2679469b551fa44d408dbba3f2ea13ddce346a850562a97ab8,57dc51cd81bb9c2679469b551fa44d408dbba3f2ea13ddce346a850562a97ab8,PASS
PTBXL_SUPER_14_ECGFM_KED_FROZEN_FORMAL_SUPER2,mapping_validation_sidecar,/root/autodl-tmp/ECG/formal_runs/PTBXL_SUPER/PTBXL_SUPER_14_ECGFM_KED_FROZEN_FORMAL_SUPER2/post_run_validation.json,execution_control/PTBXL_FINAL_CLOSURE/PARALLEL_WORKER_EVIDENCE_BUNDLE/PTBXL_SUPER_14_ECGFM_KED_FROZEN_FORMAL_SUPER2/post_run_validation.json,676,903ba5c0a12806bb8200d048152d27699fa71998f646168068d261edfec7d6f4,903ba5c0a12806bb8200d048152d27699fa71998f646168068d261edfec7d6f4,PASS
PTBXL_SUPER_15_ECGFM_KED_LINEAR_FORMAL_SUPER2,aggregate_prediction,/root/autodl-tmp/ECG/formal_runs/PTBXL_SUPER/PTBXL_SUPER_15_ECGFM_KED_LINEAR_FORMAL_SUPER2/predictions/ptbxl_super_version_0/agg/test_0_epoch_0_agg.npz,execution_control/PTBXL_FINAL_CLOSURE/PARALLEL_WORKER_EVIDENCE_BUNDLE/PTBXL_SUPER_15_ECGFM_KED_LINEAR_FORMAL_SUPER2/test_0_epoch_0_agg.npz,89004,ed2f3e4436c9d96153c7249b08d8d444fb7d9992b94b08ce53460d9f6793661e,ed2f3e4436c9d96153c7249b08d8d444fb7d9992b94b08ce53460d9f6793661e,PASS
PTBXL_SUPER_15_ECGFM_KED_LINEAR_FORMAL_SUPER2,raw_noagg_prediction_and_target,/root/autodl-tmp/ECG/formal_runs/PTBXL_SUPER/PTBXL_SUPER_15_ECGFM_KED_LINEAR_FORMAL_SUPER2/predictions/ptbxl_super_version_0/noagg/test_0_epoch_0_noagg.npz,execution_control/PTBXL_FINAL_CLOSURE/PARALLEL_WORKER_EVIDENCE_BUNDLE/PTBXL_SUPER_15_ECGFM_KED_LINEAR_FORMAL_SUPER2/test_0_epoch_0_noagg.npz,89004,ed2f3e4436c9d96153c7249b08d8d444fb7d9992b94b08ce53460d9f6793661e,ed2f3e4436c9d96153c7249b08d8d444fb7d9992b94b08ce53460d9f6793661e,PASS
PTBXL_SUPER_15_ECGFM_KED_LINEAR_FORMAL_SUPER2,formal_command_manifest,/root/autodl-tmp/ECG/formal_runs/PTBXL_SUPER/PTBXL_SUPER_15_ECGFM_KED_LINEAR_FORMAL_SUPER2/exact_formal_command.sh,execution_control/PTBXL_FINAL_CLOSURE/PARALLEL_WORKER_EVIDENCE_BUNDLE/PTBXL_SUPER_15_ECGFM_KED_LINEAR_FORMAL_SUPER2/exact_formal_command.sh,940,5b05d523f48141595953e5b6a645855aa96477edcb6691e4df1048e4b26a2a5d,5b05d523f48141595953e5b6a645855aa96477edcb6691e4df1048e4b26a2a5d,PASS
PTBXL_SUPER_15_ECGFM_KED_LINEAR_FORMAL_SUPER2,mapping_validation_sidecar,/root/autodl-tmp/ECG/formal_runs/PTBXL_SUPER/PTBXL_SUPER_15_ECGFM_KED_LINEAR_FORMAL_SUPER2/post_run_validation.json,execution_control/PTBXL_FINAL_CLOSURE/PARALLEL_WORKER_EVIDENCE_BUNDLE/PTBXL_SUPER_15_ECGFM_KED_LINEAR_FORMAL_SUPER2/post_run_validation.json,677,385e91c26870402bb7dbc208a04e5a39febf06b26694b916a6e789c868c563d9,385e91c26870402bb7dbc208a04e5a39febf06b26694b916a6e789c868c563d9,PASS
PTBXL_SUPER_16_HUBERT_ECG_FINETUNING_FORMAL_SUPER3,aggregate_prediction,/root/autodl-tmp/ECG/formal_runs/PTBXL_SUPER/PTBXL_SUPER_16_HUBERT_ECG_FINETUNING_FORMAL_SUPER3/predictions/ptbxl_super_version_0/agg/test_0_epoch_0_agg.npz,execution_control/PTBXL_FINAL_CLOSURE/PARALLEL_WORKER_EVIDENCE_BUNDLE/PTBXL_SUPER_16_HUBERT_ECG_FINETUNING_FORMAL_SUPER3/test_0_epoch_0_agg.npz,89004,cecb1c7b1052a342cf65bbf5a4abe9df791ee0d02e12b347e6cc44e05a2df26a,cecb1c7b1052a342cf65bbf5a4abe9df791ee0d02e12b347e6cc44e05a2df26a,PASS
PTBXL_SUPER_16_HUBERT_ECG_FINETUNING_FORMAL_SUPER3,raw_noagg_prediction_and_target,/root/autodl-tmp/ECG/formal_runs/PTBXL_SUPER/PTBXL_SUPER_16_HUBERT_ECG_FINETUNING_FORMAL_SUPER3/predictions/ptbxl_super_version_0/noagg/test_0_epoch_0_noagg.npz,execution_control/PTBXL_FINAL_CLOSURE/PARALLEL_WORKER_EVIDENCE_BUNDLE/PTBXL_SUPER_16_HUBERT_ECG_FINETUNING_FORMAL_SUPER3/test_0_epoch_0_noagg.npz,176924,2679a74dd8c136d841e64fa2996ac179bca0e6aa438ed7fe5fd36d3fc8367430,2679a74dd8c136d841e64fa2996ac179bca0e6aa438ed7fe5fd36d3fc8367430,PASS
PTBXL_SUPER_16_HUBERT_ECG_FINETUNING_FORMAL_SUPER3,formal_command_manifest,/root/autodl-tmp/ECG/formal_runs/PTBXL_SUPER/PTBXL_SUPER_16_HUBERT_ECG_FINETUNING_FORMAL_SUPER3/exact_formal_command.sh,execution_control/PTBXL_FINAL_CLOSURE/PARALLEL_WORKER_EVIDENCE_BUNDLE/PTBXL_SUPER_16_HUBERT_ECG_FINETUNING_FORMAL_SUPER3/exact_formal_command.sh,950,d2aaf385f65dc585763023a14a73c1f251d9e71aa3ca14895a85a17d5bc9e414,d2aaf385f65dc585763023a14a73c1f251d9e71aa3ca14895a85a17d5bc9e414,PASS
PTBXL_SUPER_16_HUBERT_ECG_FINETUNING_FORMAL_SUPER3,mapping_validation_sidecar,/root/autodl-tmp/ECG/formal_runs/PTBXL_SUPER/PTBXL_SUPER_16_HUBERT_ECG_FINETUNING_FORMAL_SUPER3/post_run_validation.json,execution_control/PTBXL_FINAL_CLOSURE/PARALLEL_WORKER_EVIDENCE_BUNDLE/PTBXL_SUPER_16_HUBERT_ECG_FINETUNING_FORMAL_SUPER3/post_run_validation.json,687,4011e1f4109307bb0bd05269f7f8ba028e7ec02c335c1e686ec4d568bc0cb9df,4011e1f4109307bb0bd05269f7f8ba028e7ec02c335c1e686ec4d568bc0cb9df,PASS
PTBXL_SUPER_17_HUBERT_ECG_FROZEN_FORMAL_SUPER3,aggregate_prediction,/root/autodl-tmp/ECG/formal_runs/PTBXL_SUPER/PTBXL_SUPER_17_HUBERT_ECG_FROZEN_FORMAL_SUPER3/predictions/ptbxl_super_version_0/agg/test_0_epoch_0_agg.npz,execution_control/PTBXL_FINAL_CLOSURE/PARALLEL_WORKER_EVIDENCE_BUNDLE/PTBXL_SUPER_17_HUBERT_ECG_FROZEN_FORMAL_SUPER3/test_0_epoch_0_agg.npz,89004,2a5a7473b7ad554bbeb4acd9f37be64639ff8a3ab6647e3de18b9057953df64e,2a5a7473b7ad554bbeb4acd9f37be64639ff8a3ab6647e3de18b9057953df64e,PASS
PTBXL_SUPER_17_HUBERT_ECG_FROZEN_FORMAL_SUPER3,raw_noagg_prediction_and_target,/root/autodl-tmp/ECG/formal_runs/PTBXL_SUPER/PTBXL_SUPER_17_HUBERT_ECG_FROZEN_FORMAL_SUPER3/predictions/ptbxl_super_version_0/noagg/test_0_epoch_0_noagg.npz,execution_control/PTBXL_FINAL_CLOSURE/PARALLEL_WORKER_EVIDENCE_BUNDLE/PTBXL_SUPER_17_HUBERT_ECG_FROZEN_FORMAL_SUPER3/test_0_epoch_0_noagg.npz,176924,c1fb2cf8509aed35ce504a10decbafee55e3be7e076ff255d077de15168d0e31,c1fb2cf8509aed35ce504a10decbafee55e3be7e076ff255d077de15168d0e31,PASS
PTBXL_SUPER_17_HUBERT_ECG_FROZEN_FORMAL_SUPER3,formal_command_manifest,/root/autodl-tmp/ECG/formal_runs/PTBXL_SUPER/PTBXL_SUPER_17_HUBERT_ECG_FROZEN_FORMAL_SUPER3/exact_formal_command.sh,execution_control/PTBXL_FINAL_CLOSURE/PARALLEL_WORKER_EVIDENCE_BUNDLE/PTBXL_SUPER_17_HUBERT_ECG_FROZEN_FORMAL_SUPER3/exact_formal_command.sh,927,f15081588ef84fa0bfcc3aa77badfae02cb545c29109db803c8ffcb46d4b44db,f15081588ef84fa0bfcc3aa77badfae02cb545c29109db803c8ffcb46d4b44db,PASS
PTBXL_SUPER_17_HUBERT_ECG_FROZEN_FORMAL_SUPER3,mapping_validation_sidecar,/root/autodl-tmp/ECG/formal_runs/PTBXL_SUPER/PTBXL_SUPER_17_HUBERT_ECG_FROZEN_FORMAL_SUPER3/post_run_validation.json,execution_control/PTBXL_FINAL_CLOSURE/PARALLEL_WORKER_EVIDENCE_BUNDLE/PTBXL_SUPER_17_HUBERT_ECG_FROZEN_FORMAL_SUPER3/post_run_validation.json,679,01c1ad3ec081f29a9cdc25bec81761f99f624eb9a270c0e814cab078e71d51de,01c1ad3ec081f29a9cdc25bec81761f99f624eb9a270c0e814cab078e71d51de,PASS
PTBXL_SUPER_18_HUBERT_ECG_LINEAR_FORMAL_SUPER3,aggregate_prediction,/root/autodl-tmp/ECG/formal_runs/PTBXL_SUPER/PTBXL_SUPER_18_HUBERT_ECG_LINEAR_FORMAL_SUPER3/predictions/ptbxl_super_version_0/agg/test_0_epoch_0_agg.npz,execution_control/PTBXL_FINAL_CLOSURE/PARALLEL_WORKER_EVIDENCE_BUNDLE/PTBXL_SUPER_18_HUBERT_ECG_LINEAR_FORMAL_SUPER3/test_0_epoch_0_agg.npz,89004,2da51e600383487696b2186c252c37f00202fb590787d454227cd97a7f257d08,2da51e600383487696b2186c252c37f00202fb590787d454227cd97a7f257d08,PASS
PTBXL_SUPER_18_HUBERT_ECG_LINEAR_FORMAL_SUPER3,raw_noagg_prediction_and_target,/root/autodl-tmp/ECG/formal_runs/PTBXL_SUPER/PTBXL_SUPER_18_HUBERT_ECG_LINEAR_FORMAL_SUPER3/predictions/ptbxl_super_version_0/noagg/test_0_epoch_0_noagg.npz,execution_control/PTBXL_FINAL_CLOSURE/PARALLEL_WORKER_EVIDENCE_BUNDLE/PTBXL_SUPER_18_HUBERT_ECG_LINEAR_FORMAL_SUPER3/test_0_epoch_0_noagg.npz,176924,d739a1a0edc4a6097dbc124cc6eca01f0cb468d22bd8782e4e34f9eb1f6c97a2,d739a1a0edc4a6097dbc124cc6eca01f0cb468d22bd8782e4e34f9eb1f6c97a2,PASS
PTBXL_SUPER_18_HUBERT_ECG_LINEAR_FORMAL_SUPER3,formal_command_manifest,/root/autodl-tmp/ECG/formal_runs/PTBXL_SUPER/PTBXL_SUPER_18_HUBERT_ECG_LINEAR_FORMAL_SUPER3/exact_formal_command.sh,execution_control/PTBXL_FINAL_CLOSURE/PARALLEL_WORKER_EVIDENCE_BUNDLE/PTBXL_SUPER_18_HUBERT_ECG_LINEAR_FORMAL_SUPER3/exact_formal_command.sh,927,1765185ab7e617a908b24fe19abec0d9a2771e967b07fddca8428ece81efda77,1765185ab7e617a908b24fe19abec0d9a2771e967b07fddca8428ece81efda77,PASS
PTBXL_SUPER_18_HUBERT_ECG_LINEAR_FORMAL_SUPER3,mapping_validation_sidecar,/root/autodl-tmp/ECG/formal_runs/PTBXL_SUPER/PTBXL_SUPER_18_HUBERT_ECG_LINEAR_FORMAL_SUPER3/post_run_validation.json,execution_control/PTBXL_FINAL_CLOSURE/PARALLEL_WORKER_EVIDENCE_BUNDLE/PTBXL_SUPER_18_HUBERT_ECG_LINEAR_FORMAL_SUPER3/post_run_validation.json,679,ec207dfe14a41d328af15bb57cde6b97b3d5911f582729683eb10225428f705d,ec207dfe14a41d328af15bb57cde6b97b3d5911f582729683eb10225428f705d,PASS
PTBXL_SUPER_19_S4_FINETUNING_FORMAL_SUPER4,aggregate_prediction,/root/autodl-tmp/ECG/formal_runs/PTBXL_SUPER/PTBXL_SUPER_19_S4_FINETUNING_FORMAL_SUPER4/predictions/ptbxl_super_version_0/agg/test_0_epoch_100_agg.npz,execution_control/PTBXL_FINAL_CLOSURE/PARALLEL_WORKER_EVIDENCE_BUNDLE/PTBXL_SUPER_19_S4_FINETUNING_FORMAL_SUPER4/test_0_epoch_100_agg.npz,89004,ac9776293e8582d3d54eb30e1a9735a61d123f411bd1378c4be4c17fb591e1f1,ac9776293e8582d3d54eb30e1a9735a61d123f411bd1378c4be4c17fb591e1f1,PASS
PTBXL_SUPER_19_S4_FINETUNING_FORMAL_SUPER4,raw_noagg_prediction_and_target,/root/autodl-tmp/ECG/formal_runs/PTBXL_SUPER/PTBXL_SUPER_19_S4_FINETUNING_FORMAL_SUPER4/predictions/ptbxl_super_version_0/noagg/test_0_epoch_100_noagg.npz,execution_control/PTBXL_FINAL_CLOSURE/PARALLEL_WORKER_EVIDENCE_BUNDLE/PTBXL_SUPER_19_S4_FINETUNING_FORMAL_SUPER4/test_0_epoch_100_noagg.npz,352764,7a79f432d6461ac290423d8bdf14ecfbe409925e5a609bd1d7fc87cfd240c6f6,7a79f432d6461ac290423d8bdf14ecfbe409925e5a609bd1d7fc87cfd240c6f6,PASS
PTBXL_SUPER_19_S4_FINETUNING_FORMAL_SUPER4,formal_command_manifest,/root/autodl-tmp/ECG/formal_runs/PTBXL_SUPER/PTBXL_SUPER_19_S4_FINETUNING_FORMAL_SUPER4/exact_formal_command.sh,execution_control/PTBXL_FINAL_CLOSURE/PARALLEL_WORKER_EVIDENCE_BUNDLE/PTBXL_SUPER_19_S4_FINETUNING_FORMAL_SUPER4/exact_formal_command.sh,1166,ba99e520fe85c93475ca16ab7e24ffd0a31bbcbd4dc62779e7760e2acacd23b5,ba99e520fe85c93475ca16ab7e24ffd0a31bbcbd4dc62779e7760e2acacd23b5,PASS
PTBXL_SUPER_19_S4_FINETUNING_FORMAL_SUPER4,mapping_validation_sidecar,/root/autodl-tmp/ECG/formal_runs/PTBXL_SUPER/PTBXL_SUPER_19_S4_FINETUNING_FORMAL_SUPER4/post_run_validation.json,execution_control/PTBXL_FINAL_CLOSURE/PARALLEL_WORKER_EVIDENCE_BUNDLE/PTBXL_SUPER_19_S4_FINETUNING_FORMAL_SUPER4/post_run_validation.json,671,c5e06baa4542b91a797dfc77e7c2507659d6e269c367aa57953c4e32de11a5a1,c5e06baa4542b91a797dfc77e7c2507659d6e269c367aa57953c4e32de11a5a1,PASS
PTBXL_SUPER_20_NET1D_FINETUNING_FORMAL_SUPER4,aggregate_prediction,/root/autodl-tmp/ECG/formal_runs/PTBXL_SUPER/PTBXL_SUPER_20_NET1D_FINETUNING_FORMAL_SUPER4/predictions/ptbxl_super_version_0/agg/test_0_epoch_100_agg.npz,execution_control/PTBXL_FINAL_CLOSURE/PARALLEL_WORKER_EVIDENCE_BUNDLE/PTBXL_SUPER_20_NET1D_FINETUNING_FORMAL_SUPER4/test_0_epoch_100_agg.npz,89004,e243f25e1593820f0167e4e266a2ac5740e1be52711d351d7c8487ec7b6965c8,e243f25e1593820f0167e4e266a2ac5740e1be52711d351d7c8487ec7b6965c8,PASS
PTBXL_SUPER_20_NET1D_FINETUNING_FORMAL_SUPER4,raw_noagg_prediction_and_target,/root/autodl-tmp/ECG/formal_runs/PTBXL_SUPER/PTBXL_SUPER_20_NET1D_FINETUNING_FORMAL_SUPER4/predictions/ptbxl_super_version_0/noagg/test_0_epoch_100_noagg.npz,execution_control/PTBXL_FINAL_CLOSURE/PARALLEL_WORKER_EVIDENCE_BUNDLE/PTBXL_SUPER_20_NET1D_FINETUNING_FORMAL_SUPER4/test_0_epoch_100_noagg.npz,352764,30b286f21c62b7e051865e89df239766c46f895230c7bebba87ebaf985856315,30b286f21c62b7e051865e89df239766c46f895230c7bebba87ebaf985856315,PASS
PTBXL_SUPER_20_NET1D_FINETUNING_FORMAL_SUPER4,formal_command_manifest,/root/autodl-tmp/ECG/formal_runs/PTBXL_SUPER/PTBXL_SUPER_20_NET1D_FINETUNING_FORMAL_SUPER4/exact_formal_command.sh,execution_control/PTBXL_FINAL_CLOSURE/PARALLEL_WORKER_EVIDENCE_BUNDLE/PTBXL_SUPER_20_NET1D_FINETUNING_FORMAL_SUPER4/exact_formal_command.sh,942,74480bab52b5993d4a8f045dec12b0b37cecff2e37df63cbcf23762cd38b017b,74480bab52b5993d4a8f045dec12b0b37cecff2e37df63cbcf23762cd38b017b,PASS
PTBXL_SUPER_20_NET1D_FINETUNING_FORMAL_SUPER4,mapping_validation_sidecar,/root/autodl-tmp/ECG/formal_runs/PTBXL_SUPER/PTBXL_SUPER_20_NET1D_FINETUNING_FORMAL_SUPER4/post_run_validation.json,execution_control/PTBXL_FINAL_CLOSURE/PARALLEL_WORKER_EVIDENCE_BUNDLE/PTBXL_SUPER_20_NET1D_FINETUNING_FORMAL_SUPER4/post_run_validation.json,677,04420b79aae363d99c801486b501f5b5cbbd8727f5c6d8a3ad9db4eb43219689,04420b79aae363d99c801486b501f5b5cbbd8727f5c6d8a3ad9db4eb43219689,PASS
